supportLang,targetLang,supportFolder,pairFolder,thumbnailPath,youtubeVideoId,youtubeVideoUrl,channelHandle,targetLabel,topic,subtitle
"EN","EN-GB","EN__English","EN__EN-GB__English_to_English-United-Kingdom","/Users/lali/Documents/LUNA2/outputs/design-prototypes/youtube-thumbnail-home_kitchen_cookware_pilot_01-ordinary-target-language-large-pair-folders-20260704/by-support/EN__English/EN__EN-GB__English_to_English-United-Kingdom/youtube_thumbnail.jpg","PeV2PkssrkA","https://www.youtube.com/watch?v=PeV2PkssrkA","@flashcardsluna","English (United Kingdom) A1","Kitchenware Basics","Cookware and utensils. Basic level."
"EN","ES,FR,DE,IT","EN__English","EN__ES,FR,DE,IT__English_to_ES-FR-DE-IT","/Users/lali/Documents/LUNA2/outputs/design-prototypes/youtube-thumbnail-home_kitchen_cookware_pilot_01-ordinary-target-language-large-pair-folders-20260704/by-support/EN__English/EN__ES,FR,DE,IT__English_to_ES-FR-DE-IT/youtube_thumbnail.jpg","Vb8Q1ryU4iE","https://www.youtube.com/watch?v=Vb8Q1ryU4iE","","ES,FR,DE,IT A1","Kitchenware Basics","Cookware and utensils. Basic level."
"EN","ES,FR,IT,PT","EN__English","EN__ES,FR,IT,PT__English_to_ES-FR-IT-PT","/Users/lali/Documents/LUNA2/outputs/design-prototypes/youtube-thumbnail-home_kitchen_cookware_pilot_01-ordinary-target-language-large-pair-folders-20260704/by-support/EN__English/EN__ES,FR,IT,PT__English_to_ES-FR-IT-PT/youtube_thumbnail.jpg","EdPLBoUBSGs","https://www.youtube.com/watch?v=EdPLBoUBSGs","","ES,FR,IT,PT A1","Kitchenware Basics","Cookware and utensils. Basic level."
"EN","FI","EN__English","EN__FI__English_to_Finnish","/Users/lali/Documents/LUNA2/outputs/design-prototypes/youtube-thumbnail-home_kitchen_cookware_pilot_01-ordinary-target-language-large-pair-folders-20260704/by-support/EN__English/EN__FI__English_to_Finnish/youtube_thumbnail.jpg","vtTfpX7-uHU","https://www.youtube.com/watch?v=vtTfpX7-uHU","@flashcardsluna","Finnish A1","Kitchenware Basics","Cookware and utensils. Basic level."
"EN","FR","EN__English","EN__FR__English_to_French","/Users/lali/Documents/LUNA2/outputs/design-prototypes/youtube-thumbnail-home_kitchen_cookware_pilot_01-ordinary-target-language-large-pair-folders-20260704/by-support/EN__English/EN__FR__English_to_French/youtube_thumbnail.jpg","jg038qdFjQE","https://www.youtube.com/watch?v=jg038qdFjQE","@flashcardsluna","French A1","Kitchenware Basics","Cookware and utensils. Basic level."
"EN","HI","EN__English","EN__HI__English_to_Hindi","/Users/lali/Documents/LUNA2/outputs/design-prototypes/youtube-thumbnail-home_kitchen_cookware_pilot_01-ordinary-target-language-large-pair-folders-20260704/by-support/EN__English/EN__HI__English_to_Hindi/youtube_thumbnail.jpg","4lYVgtg3SK0","https://www.youtube.com/watch?v=4lYVgtg3SK0","@flashcardsluna","Hindi A1","Kitchenware Basics","Cookware and utensils. Basic level."
"EN","HY","EN__English","EN__HY__English_to_Armenian","/Users/lali/Documents/LUNA2/outputs/design-prototypes/youtube-thumbnail-home_kitchen_cookware_pilot_01-ordinary-target-language-large-pair-folders-20260704/by-support/EN__English/EN__HY__English_to_Armenian/youtube_thumbnail.jpg","avAXnM9DsSo","https://www.youtube.com/watch?v=avAXnM9DsSo","@flashcardsluna","Armenian A1","Kitchenware Basics","Cookware and utensils. Basic level."
"EN","IT","EN__English","EN__IT__English_to_Italian","/Users/lali/Documents/LUNA2/outputs/design-prototypes/youtube-thumbnail-home_kitchen_cookware_pilot_01-ordinary-target-language-large-pair-folders-20260704/by-support/EN__English/EN__IT__English_to_Italian/youtube_thumbnail.jpg","QF3uCrsaxQU","https://www.youtube.com/watch?v=QF3uCrsaxQU","@flashcardsluna","Italian A1","Kitchenware Basics","Cookware and utensils. Basic level."
"EN","KK","EN__English","EN__KK__English_to_Kazakh","/Users/lali/Documents/LUNA2/outputs/design-prototypes/youtube-thumbnail-home_kitchen_cookware_pilot_01-ordinary-target-language-large-pair-folders-20260704/by-support/EN__English/EN__KK__English_to_Kazakh/youtube_thumbnail.jpg","gCcW9__iw7Q","https://www.youtube.com/watch?v=gCcW9__iw7Q","@flashcardsluna","Kazakh A1","Kitchenware Basics","Cookware and utensils. Basic level."
"EN","KM","EN__English","EN__KM__English_to_Khmer","/Users/lali/Documents/LUNA2/outputs/design-prototypes/youtube-thumbnail-home_kitchen_cookware_pilot_01-ordinary-target-language-large-pair-folders-20260704/by-support/EN__English/EN__KM__English_to_Khmer/youtube_thumbnail.jpg","j4uHU4I8ScU","https://www.youtube.com/watch?v=j4uHU4I8ScU","@flashcardsluna","Khmer A1","Kitchenware Basics","Cookware and utensils. Basic level."
"EN","KN","EN__English","EN__KN__English_to_Kannada","/Users/lali/Documents/LUNA2/outputs/design-prototypes/youtube-thumbnail-home_kitchen_cookware_pilot_01-ordinary-target-language-large-pair-folders-20260704/by-support/EN__English/EN__KN__English_to_Kannada/youtube_thumbnail.jpg","wf3AsF8SItk","https://www.youtube.com/watch?v=wf3AsF8SItk","@flashcardsluna","Kannada A1","Kitchenware Basics","Cookware and utensils. Basic level."
"EN","KO","EN__English","EN__KO__English_to_Korean","/Users/lali/Documents/LUNA2/outputs/design-prototypes/youtube-thumbnail-home_kitchen_cookware_pilot_01-ordinary-target-language-large-pair-folders-20260704/by-support/EN__English/EN__KO__English_to_Korean/youtube_thumbnail.jpg","svVPa8Qz5F0","https://www.youtube.com/watch?v=svVPa8Qz5F0","@flashcardsluna","Korean A1","Kitchenware Basics","Cookware and utensils. Basic level."
"EN","LO","EN__English","EN__LO__English_to_Lao","/Users/lali/Documents/LUNA2/outputs/design-prototypes/youtube-thumbnail-home_kitchen_cookware_pilot_01-ordinary-target-language-large-pair-folders-20260704/by-support/EN__English/EN__LO__English_to_Lao/youtube_thumbnail.jpg","hibykM27WgU","https://www.youtube.com/watch?v=hibykM27WgU","@flashcardsluna","Lao A1","Kitchenware Basics","Cookware and utensils. Basic level."
"EN","LT","EN__English","EN__LT__English_to_Lithuanian","/Users/lali/Documents/LUNA2/outputs/design-prototypes/youtube-thumbnail-home_kitchen_cookware_pilot_01-ordinary-target-language-large-pair-folders-20260704/by-support/EN__English/EN__LT__English_to_Lithuanian/youtube_thumbnail.jpg","FZ3SzwfQfR4","https://www.youtube.com/watch?v=FZ3SzwfQfR4","@flashcardsluna","Lithuanian A1","Kitchenware Basics","Cookware and utensils. Basic level."
"EN","LV","EN__English","EN__LV__English_to_Latvian","/Users/lali/Documents/LUNA2/outputs/design-prototypes/youtube-thumbnail-home_kitchen_cookware_pilot_01-ordinary-target-language-large-pair-folders-20260704/by-support/EN__English/EN__LV__English_to_Latvian/youtube_thumbnail.jpg","JKZQe1UcPFo","https://www.youtube.com/watch?v=JKZQe1UcPFo","@flashcardsluna","Latvian A1","Kitchenware Basics","Cookware and utensils. Basic level."
"EN","ML","EN__English","EN__ML__English_to_Malayalam","/Users/lali/Documents/LUNA2/outputs/design-prototypes/youtube-thumbnail-home_kitchen_cookware_pilot_01-ordinary-target-language-large-pair-folders-20260704/by-support/EN__English/EN__ML__English_to_Malayalam/youtube_thumbnail.jpg","UhDSSCIDJKo","https://www.youtube.com/watch?v=UhDSSCIDJKo","@flashcardsluna","Malayalam A1","Kitchenware Basics","Cookware and utensils. Basic level."
"EN","MS","EN__English","EN__MS__English_to_Malay","/Users/lali/Documents/LUNA2/outputs/design-prototypes/youtube-thumbnail-home_kitchen_cookware_pilot_01-ordinary-target-language-large-pair-folders-20260704/by-support/EN__English/EN__MS__English_to_Malay/youtube_thumbnail.jpg","0TQEbKfXBMs","https://www.youtube.com/watch?v=0TQEbKfXBMs","@flashcardsluna","Malay A1","Kitchenware Basics","Cookware and utensils. Basic level."
"EN","MY","EN__English","EN__MY__English_to_Burmese","/Users/lali/Documents/LUNA2/outputs/design-prototypes/youtube-thumbnail-home_kitchen_cookware_pilot_01-ordinary-target-language-large-pair-folders-20260704/by-support/EN__English/EN__MY__English_to_Burmese/youtube_thumbnail.jpg","lOt1cl-AsTY","https://www.youtube.com/watch?v=lOt1cl-AsTY","@flashcardsluna","Burmese A1","Kitchenware Basics","Cookware and utensils. Basic level."
"EN","NB","EN__English","EN__NB__English_to_Norwegian-Bokmal","/Users/lali/Documents/LUNA2/outputs/design-prototypes/youtube-thumbnail-home_kitchen_cookware_pilot_01-ordinary-target-language-large-pair-folders-20260704/by-support/EN__English/EN__NB__English_to_Norwegian-Bokmal/youtube_thumbnail.jpg","WXJibqBNXqs","https://www.youtube.com/watch?v=WXJibqBNXqs","@flashcardsluna","Norwegian Bokmål A1","Kitchenware Basics","Cookware and utensils. Basic level."
"EN","NE","EN__English","EN__NE__English_to_Nepali","/Users/lali/Documents/LUNA2/outputs/design-prototypes/youtube-thumbnail-home_kitchen_cookware_pilot_01-ordinary-target-language-large-pair-folders-20260704/by-support/EN__English/EN__NE__English_to_Nepali/youtube_thumbnail.jpg","1hVuPRClu8E","https://www.youtube.com/watch?v=1hVuPRClu8E","@flashcardsluna","Nepali A1","Kitchenware Basics","Cookware and utensils. Basic level."
"EN","NL","EN__English","EN__NL__English_to_Dutch","/Users/lali/Documents/LUNA2/outputs/design-prototypes/youtube-thumbnail-home_kitchen_cookware_pilot_01-ordinary-target-language-large-pair-folders-20260704/by-support/EN__English/EN__NL__English_to_Dutch/youtube_thumbnail.jpg","-A6mb3Dibnk","https://www.youtube.com/watch?v=-A6mb3Dibnk","@flashcardsluna","Dutch A1","Kitchenware Basics","Cookware and utensils. Basic level."
"EN","NO","EN__English","EN__NO__English_to_Norwegian-Bokmal","/Users/lali/Documents/LUNA2/outputs/design-prototypes/youtube-thumbnail-home_kitchen_cookware_pilot_01-ordinary-target-language-large-pair-folders-20260704/by-support/EN__English/EN__NO__English_to_Norwegian-Bokmal/youtube_thumbnail.jpg","WXJibqBNXqs","https://www.youtube.com/watch?v=WXJibqBNXqs","","Norwegian Bokmål A1","Kitchenware Basics","Cookware and utensils. Basic level."
"EN","PL","EN__English","EN__PL__English_to_Polish","/Users/lali/Documents/LUNA2/outputs/design-prototypes/youtube-thumbnail-home_kitchen_cookware_pilot_01-ordinary-target-language-large-pair-folders-20260704/by-support/EN__English/EN__PL__English_to_Polish/youtube_thumbnail.jpg","wLsZpNYP9es","https://www.youtube.com/watch?v=wLsZpNYP9es","@flashcardsluna","Polish A1","Kitchenware Basics","Cookware and utensils. Basic level."
"EN","PT","EN__English","EN__PT__English_to_Portuguese","/Users/lali/Documents/LUNA2/outputs/design-prototypes/youtube-thumbnail-home_kitchen_cookware_pilot_01-ordinary-target-language-large-pair-folders-20260704/by-support/EN__English/EN__PT__English_to_Portuguese/youtube_thumbnail.jpg","BDN76sq5tq4","https://www.youtube.com/watch?v=BDN76sq5tq4","@flashcardsluna","Portuguese A1","Kitchenware Basics","Cookware and utensils. Basic level."
"EN","PT-BR","EN__English","EN__PT-BR__English_to_Portuguese-Brazil","/Users/lali/Documents/LUNA2/outputs/design-prototypes/youtube-thumbnail-home_kitchen_cookware_pilot_01-ordinary-target-language-large-pair-folders-20260704/by-support/EN__English/EN__PT-BR__English_to_Portuguese-Brazil/youtube_thumbnail.jpg","aGQkcshoG0o","https://www.youtube.com/watch?v=aGQkcshoG0o","","Portuguese (Brazil) A1","Kitchenware Basics","Cookware and utensils. Basic level."
"EN","RO","EN__English","EN__RO__English_to_Romanian","/Users/lali/Documents/LUNA2/outputs/design-prototypes/youtube-thumbnail-home_kitchen_cookware_pilot_01-ordinary-target-language-large-pair-folders-20260704/by-support/EN__English/EN__RO__English_to_Romanian/youtube_thumbnail.jpg","9w2umqdB0Ps","https://www.youtube.com/watch?v=9w2umqdB0Ps","","Romanian A1","Kitchenware Basics","Cookware and utensils. Basic level."
"EN","RU","EN__English","EN__RU__English_to_Russian","/Users/lali/Documents/LUNA2/outputs/design-prototypes/youtube-thumbnail-home_kitchen_cookware_pilot_01-ordinary-target-language-large-pair-folders-20260704/by-support/EN__English/EN__RU__English_to_Russian/youtube_thumbnail.jpg","QqIz-Ve9fjw","https://www.youtube.com/watch?v=QqIz-Ve9fjw","@flashcardsluna","Russian A1","Kitchenware Basics","Cookware and utensils. Basic level."
"EN","RU,PL,CS,SK","EN__English","EN__RU,PL,CS,SK__English_to_RU-PL-CS-SK","/Users/lali/Documents/LUNA2/outputs/design-prototypes/youtube-thumbnail-home_kitchen_cookware_pilot_01-ordinary-target-language-large-pair-folders-20260704/by-support/EN__English/EN__RU,PL,CS,SK__English_to_RU-PL-CS-SK/youtube_thumbnail.jpg","Mp85wLaIfAw","https://www.youtube.com/watch?v=Mp85wLaIfAw","","RU,PL,CS,SK A1","Kitchenware Basics","Cookware and utensils. Basic level."
"EN","SI","EN__English","EN__SI__English_to_Sinhala","/Users/lali/Documents/LUNA2/outputs/design-prototypes/youtube-thumbnail-home_kitchen_cookware_pilot_01-ordinary-target-language-large-pair-folders-20260704/by-support/EN__English/EN__SI__English_to_Sinhala/youtube_thumbnail.jpg","JMOfHwsV9uY","https://www.youtube.com/watch?v=JMOfHwsV9uY","","Sinhala A1","Kitchenware Basics","Cookware and utensils. Basic level."
"EN","SK","EN__English","EN__SK__English_to_Slovak","/Users/lali/Documents/LUNA2/outputs/design-prototypes/youtube-thumbnail-home_kitchen_cookware_pilot_01-ordinary-target-language-large-pair-folders-20260704/by-support/EN__English/EN__SK__English_to_Slovak/youtube_thumbnail.jpg","dk-HgqR1hck","https://www.youtube.com/watch?v=dk-HgqR1hck","","Slovak A1","Kitchenware Basics","Cookware and utensils. Basic level."
"EN","SL","EN__English","EN__SL__English_to_Slovenian","/Users/lali/Documents/LUNA2/outputs/design-prototypes/youtube-thumbnail-home_kitchen_cookware_pilot_01-ordinary-target-language-large-pair-folders-20260704/by-support/EN__English/EN__SL__English_to_Slovenian/youtube_thumbnail.jpg","OfcwOC3celY","https://www.youtube.com/watch?v=OfcwOC3celY","","Slovenian A1","Kitchenware Basics","Cookware and utensils. Basic level."
"EN","SR","EN__English","EN__SR__English_to_Serbian-Latin","/Users/lali/Documents/LUNA2/outputs/design-prototypes/youtube-thumbnail-home_kitchen_cookware_pilot_01-ordinary-target-language-large-pair-folders-20260704/by-support/EN__English/EN__SR__English_to_Serbian-Latin/youtube_thumbnail.jpg","gxXxZtdq8Nc","https://www.youtube.com/watch?v=gxXxZtdq8Nc","","Serbian (Latin) A1","Kitchenware Basics","Cookware and utensils. Basic level."
"EN","SV","EN__English","EN__SV__English_to_Swedish","/Users/lali/Documents/LUNA2/outputs/design-prototypes/youtube-thumbnail-home_kitchen_cookware_pilot_01-ordinary-target-language-large-pair-folders-20260704/by-support/EN__English/EN__SV__English_to_Swedish/youtube_thumbnail.jpg","kNX9fDBIVks","https://www.youtube.com/watch?v=kNX9fDBIVks","","Swedish A1","Kitchenware Basics","Cookware and utensils. Basic level."
"EN","ZH","EN__English","EN__ZH__English_to_Chinese","/Users/lali/Documents/LUNA2/outputs/design-prototypes/youtube-thumbnail-home_kitchen_cookware_pilot_01-ordinary-target-language-large-pair-folders-20260704/by-support/EN__English/EN__ZH__English_to_Chinese/youtube_thumbnail.jpg","CyN-cdSjkrU","https://www.youtube.com/watch?v=CyN-cdSjkrU","@flashcardsluna","Chinese A1","Kitchenware Basics","Cookware and utensils. Basic level."
"EN","ZH,JA,KO","EN__English","EN__ZH,JA,KO__English_to_ZH-JA-KO","/Users/lali/Documents/LUNA2/outputs/design-prototypes/youtube-thumbnail-home_kitchen_cookware_pilot_01-ordinary-target-language-large-pair-folders-20260704/by-support/EN__English/EN__ZH,JA,KO__English_to_ZH-JA-KO/youtube_thumbnail.jpg","o8hsruftFcY","https://www.youtube.com/watch?v=o8hsruftFcY","","ZH,JA,KO A1","Kitchenware Basics","Cookware and utensils. Basic level."
"EN-GB","DA","EN-GB__English-United-Kingdom","EN-GB__DA__English-United-Kingdom_to_Danish","/Users/lali/Documents/LUNA2/outputs/design-prototypes/youtube-thumbnail-home_kitchen_cookware_pilot_01-ordinary-target-language-large-pair-folders-20260704/by-support/EN-GB__English-United-Kingdom/EN-GB__DA__English-United-Kingdom_to_Danish/youtube_thumbnail.jpg","ftQEUH5G9bQ","https://www.youtube.com/watch?v=ftQEUH5G9bQ","@flashcardsluna","Danish A1","Kitchenware Basics","Cookware and utensils. Basic level."
"EN-GB","DE","EN-GB__English-United-Kingdom","EN-GB__DE__English-United-Kingdom_to_German","/Users/lali/Documents/LUNA2/outputs/design-prototypes/youtube-thumbnail-home_kitchen_cookware_pilot_01-ordinary-target-language-large-pair-folders-20260704/by-support/EN-GB__English-United-Kingdom/EN-GB__DE__English-United-Kingdom_to_German/youtube_thumbnail.jpg","MSc8aoSBN9A","https://www.youtube.com/watch?v=MSc8aoSBN9A","@flashcardsluna","German A1","Kitchenware Basics","Cookware and utensils. Basic level."
"EN-GB","EN","EN-GB__English-United-Kingdom","EN-GB__EN__English-United-Kingdom_to_English","/Users/lali/Documents/LUNA2/outputs/design-prototypes/youtube-thumbnail-home_kitchen_cookware_pilot_01-ordinary-target-language-large-pair-folders-20260704/by-support/EN-GB__English-United-Kingdom/EN-GB__EN__English-United-Kingdom_to_English/youtube_thumbnail.jpg","_CWbNB9M7Eg","https://www.youtube.com/watch?v=_CWbNB9M7Eg","@flashcardsluna","English A1","Kitchenware Basics","Cookware and utensils. Basic level."
"EN-GB","ES","EN-GB__English-United-Kingdom","EN-GB__ES__English-United-Kingdom_to_Spanish","/Users/lali/Documents/LUNA2/outputs/design-prototypes/youtube-thumbnail-home_kitchen_cookware_pilot_01-ordinary-target-language-large-pair-folders-20260704/by-support/EN-GB__English-United-Kingdom/EN-GB__ES__English-United-Kingdom_to_Spanish/youtube_thumbnail.jpg","u1yEwN7ZCQ8","https://www.youtube.com/watch?v=u1yEwN7ZCQ8","@flashcardsluna","Spanish A1","Kitchenware Basics","Cookware and utensils. Basic level."
"EN-GB","ES-419","EN-GB__English-United-Kingdom","EN-GB__ES-419__English-United-Kingdom_to_Spanish-Latin-America","/Users/lali/Documents/LUNA2/outputs/design-prototypes/youtube-thumbnail-home_kitchen_cookware_pilot_01-ordinary-target-language-large-pair-folders-20260704/by-support/EN-GB__English-United-Kingdom/EN-GB__ES-419__English-United-Kingdom_to_Spanish-Latin-America/youtube_thumbnail.jpg","fDxDXx09Vds","https://www.youtube.com/watch?v=fDxDXx09Vds","@flashcardsluna","Spanish (Latin America) A1","Kitchenware Basics","Cookware and utensils. Basic level."
"EN-GB","ES,FR,DE,IT","EN-GB__English-United-Kingdom","EN-GB__ES,FR,DE,IT__English-United-Kingdom_to_ES-FR-DE-IT","/Users/lali/Documents/LUNA2/outputs/design-prototypes/youtube-thumbnail-home_kitchen_cookware_pilot_01-ordinary-target-language-large-pair-folders-20260704/by-support/EN-GB__English-United-Kingdom/EN-GB__ES,FR,DE,IT__English-United-Kingdom_to_ES-FR-DE-IT/youtube_thumbnail.jpg","Vb8Q1ryU4iE","https://www.youtube.com/watch?v=Vb8Q1ryU4iE","","ES,FR,DE,IT A1","Kitchenware Basics","Cookware and utensils. Basic level."
"EN-GB","ES,FR,IT,PT","EN-GB__English-United-Kingdom","EN-GB__ES,FR,IT,PT__English-United-Kingdom_to_ES-FR-IT-PT","/Users/lali/Documents/LUNA2/outputs/design-prototypes/youtube-thumbnail-home_kitchen_cookware_pilot_01-ordinary-target-language-large-pair-folders-20260704/by-support/EN-GB__English-United-Kingdom/EN-GB__ES,FR,IT,PT__English-United-Kingdom_to_ES-FR-IT-PT/youtube_thumbnail.jpg","EdPLBoUBSGs","https://www.youtube.com/watch?v=EdPLBoUBSGs","","ES,FR,IT,PT A1","Kitchenware Basics","Cookware and utensils. Basic level."
"EN-GB","ET","EN-GB__English-United-Kingdom","EN-GB__ET__English-United-Kingdom_to_Estonian","/Users/lali/Documents/LUNA2/outputs/design-prototypes/youtube-thumbnail-home_kitchen_cookware_pilot_01-ordinary-target-language-large-pair-folders-20260704/by-support/EN-GB__English-United-Kingdom/EN-GB__ET__English-United-Kingdom_to_Estonian/youtube_thumbnail.jpg","lXOmgK5og6k","https://www.youtube.com/watch?v=lXOmgK5og6k","@flashcardsluna","Estonian A1","Kitchenware Basics","Cookware and utensils. Basic level."
"EN-GB","FI","EN-GB__English-United-Kingdom","EN-GB__FI__English-United-Kingdom_to_Finnish","/Users/lali/Documents/LUNA2/outputs/design-prototypes/youtube-thumbnail-home_kitchen_cookware_pilot_01-ordinary-target-language-large-pair-folders-20260704/by-support/EN-GB__English-United-Kingdom/EN-GB__FI__English-United-Kingdom_to_Finnish/youtube_thumbnail.jpg","vtTfpX7-uHU","https://www.youtube.com/watch?v=vtTfpX7-uHU","","Finnish A1","Kitchenware Basics","Cookware and utensils. Basic level."
"EN-GB","FR","EN-GB__English-United-Kingdom","EN-GB__FR__English-United-Kingdom_to_French","/Users/lali/Documents/LUNA2/outputs/design-prototypes/youtube-thumbnail-home_kitchen_cookware_pilot_01-ordinary-target-language-large-pair-folders-20260704/by-support/EN-GB__English-United-Kingdom/EN-GB__FR__English-United-Kingdom_to_French/youtube_thumbnail.jpg","jg038qdFjQE","https://www.youtube.com/watch?v=jg038qdFjQE","","French A1","Kitchenware Basics","Cookware and utensils. Basic level."
"EN-GB","HI","EN-GB__English-United-Kingdom","EN-GB__HI__English-United-Kingdom_to_Hindi","/Users/lali/Documents/LUNA2/outputs/design-prototypes/youtube-thumbnail-home_kitchen_cookware_pilot_01-ordinary-target-language-large-pair-folders-20260704/by-support/EN-GB__English-United-Kingdom/EN-GB__HI__English-United-Kingdom_to_Hindi/youtube_thumbnail.jpg","4lYVgtg3SK0","https://www.youtube.com/watch?v=4lYVgtg3SK0","","Hindi A1","Kitchenware Basics","Cookware and utensils. Basic level."
"EN-GB","HY","EN-GB__English-United-Kingdom","EN-GB__HY__English-United-Kingdom_to_Armenian","/Users/lali/Documents/LUNA2/outputs/design-prototypes/youtube-thumbnail-home_kitchen_cookware_pilot_01-ordinary-target-language-large-pair-folders-20260704/by-support/EN-GB__English-United-Kingdom/EN-GB__HY__English-United-Kingdom_to_Armenian/youtube_thumbnail.jpg","avAXnM9DsSo","https://www.youtube.com/watch?v=avAXnM9DsSo","","Armenian A1","Kitchenware Basics","Cookware and utensils. Basic level."
"EN-GB","IT","EN-GB__English-United-Kingdom","EN-GB__IT__English-United-Kingdom_to_Italian","/Users/lali/Documents/LUNA2/outputs/design-prototypes/youtube-thumbnail-home_kitchen_cookware_pilot_01-ordinary-target-language-large-pair-folders-20260704/by-support/EN-GB__English-United-Kingdom/EN-GB__IT__English-United-Kingdom_to_Italian/youtube_thumbnail.jpg","QF3uCrsaxQU","https://www.youtube.com/watch?v=QF3uCrsaxQU","","Italian A1","Kitchenware Basics","Cookware and utensils. Basic level."
"EN-GB","KK","EN-GB__English-United-Kingdom","EN-GB__KK__English-United-Kingdom_to_Kazakh","/Users/lali/Documents/LUNA2/outputs/design-prototypes/youtube-thumbnail-home_kitchen_cookware_pilot_01-ordinary-target-language-large-pair-folders-20260704/by-support/EN-GB__English-United-Kingdom/EN-GB__KK__English-United-Kingdom_to_Kazakh/youtube_thumbnail.jpg","gCcW9__iw7Q","https://www.youtube.com/watch?v=gCcW9__iw7Q","","Kazakh A1","Kitchenware Basics","Cookware and utensils. Basic level."
"EN-GB","KM","EN-GB__English-United-Kingdom","EN-GB__KM__English-United-Kingdom_to_Khmer","/Users/lali/Documents/LUNA2/outputs/design-prototypes/youtube-thumbnail-home_kitchen_cookware_pilot_01-ordinary-target-language-large-pair-folders-20260704/by-support/EN-GB__English-United-Kingdom/EN-GB__KM__English-United-Kingdom_to_Khmer/youtube_thumbnail.jpg","j4uHU4I8ScU","https://www.youtube.com/watch?v=j4uHU4I8ScU","","Khmer A1","Kitchenware Basics","Cookware and utensils. Basic level."
"EN-GB","KN","EN-GB__English-United-Kingdom","EN-GB__KN__English-United-Kingdom_to_Kannada","/Users/lali/Documents/LUNA2/outputs/design-prototypes/youtube-thumbnail-home_kitchen_cookware_pilot_01-ordinary-target-language-large-pair-folders-20260704/by-support/EN-GB__English-United-Kingdom/EN-GB__KN__English-United-Kingdom_to_Kannada/youtube_thumbnail.jpg","wf3AsF8SItk","https://www.youtube.com/watch?v=wf3AsF8SItk","","Kannada A1","Kitchenware Basics","Cookware and utensils. Basic level."
"EN-GB","KO","EN-GB__English-United-Kingdom","EN-GB__KO__English-United-Kingdom_to_Korean","/Users/lali/Documents/LUNA2/outputs/design-prototypes/youtube-thumbnail-home_kitchen_cookware_pilot_01-ordinary-target-language-large-pair-folders-20260704/by-support/EN-GB__English-United-Kingdom/EN-GB__KO__English-United-Kingdom_to_Korean/youtube_thumbnail.jpg","svVPa8Qz5F0","https://www.youtube.com/watch?v=svVPa8Qz5F0","","Korean A1","Kitchenware Basics","Cookware and utensils. Basic level."
"EN-GB","LO","EN-GB__English-United-Kingdom","EN-GB__LO__English-United-Kingdom_to_Lao","/Users/lali/Documents/LUNA2/outputs/design-prototypes/youtube-thumbnail-home_kitchen_cookware_pilot_01-ordinary-target-language-large-pair-folders-20260704/by-support/EN-GB__English-United-Kingdom/EN-GB__LO__English-United-Kingdom_to_Lao/youtube_thumbnail.jpg","hibykM27WgU","https://www.youtube.com/watch?v=hibykM27WgU","","Lao A1","Kitchenware Basics","Cookware and utensils. Basic level."
"EN-GB","LT","EN-GB__English-United-Kingdom","EN-GB__LT__English-United-Kingdom_to_Lithuanian","/Users/lali/Documents/LUNA2/outputs/design-prototypes/youtube-thumbnail-home_kitchen_cookware_pilot_01-ordinary-target-language-large-pair-folders-20260704/by-support/EN-GB__English-United-Kingdom/EN-GB__LT__English-United-Kingdom_to_Lithuanian/youtube_thumbnail.jpg","FZ3SzwfQfR4","https://www.youtube.com/watch?v=FZ3SzwfQfR4","","Lithuanian A1","Kitchenware Basics","Cookware and utensils. Basic level."
"EN-GB","LV","EN-GB__English-United-Kingdom","EN-GB__LV__English-United-Kingdom_to_Latvian","/Users/lali/Documents/LUNA2/outputs/design-prototypes/youtube-thumbnail-home_kitchen_cookware_pilot_01-ordinary-target-language-large-pair-folders-20260704/by-support/EN-GB__English-United-Kingdom/EN-GB__LV__English-United-Kingdom_to_Latvian/youtube_thumbnail.jpg","JKZQe1UcPFo","https://www.youtube.com/watch?v=JKZQe1UcPFo","","Latvian A1","Kitchenware Basics","Cookware and utensils. Basic level."
"EN-GB","NL","EN-GB__English-United-Kingdom","EN-GB__NL__English-United-Kingdom_to_Dutch","/Users/lali/Documents/LUNA2/outputs/design-prototypes/youtube-thumbnail-home_kitchen_cookware_pilot_01-ordinary-target-language-large-pair-folders-20260704/by-support/EN-GB__English-United-Kingdom/EN-GB__NL__English-United-Kingdom_to_Dutch/youtube_thumbnail.jpg","-A6mb3Dibnk","https://www.youtube.com/watch?v=-A6mb3Dibnk","","Dutch A1","Kitchenware Basics","Cookware and utensils. Basic level."
"EN-GB","NO","EN-GB__English-United-Kingdom","EN-GB__NO__English-United-Kingdom_to_Norwegian-Bokmal","/Users/lali/Documents/LUNA2/outputs/design-prototypes/youtube-thumbnail-home_kitchen_cookware_pilot_01-ordinary-target-language-large-pair-folders-20260704/by-support/EN-GB__English-United-Kingdom/EN-GB__NO__English-United-Kingdom_to_Norwegian-Bokmal/youtube_thumbnail.jpg","WXJibqBNXqs","https://www.youtube.com/watch?v=WXJibqBNXqs","","Norwegian Bokmål A1","Kitchenware Basics","Cookware and utensils. Basic level."
"EN-GB","PL","EN-GB__English-United-Kingdom","EN-GB__PL__English-United-Kingdom_to_Polish","/Users/lali/Documents/LUNA2/outputs/design-prototypes/youtube-thumbnail-home_kitchen_cookware_pilot_01-ordinary-target-language-large-pair-folders-20260704/by-support/EN-GB__English-United-Kingdom/EN-GB__PL__English-United-Kingdom_to_Polish/youtube_thumbnail.jpg","wLsZpNYP9es","https://www.youtube.com/watch?v=wLsZpNYP9es","","Polish A1","Kitchenware Basics","Cookware and utensils. Basic level."
"EN-GB","PT","EN-GB__English-United-Kingdom","EN-GB__PT__English-United-Kingdom_to_Portuguese","/Users/lali/Documents/LUNA2/outputs/design-prototypes/youtube-thumbnail-home_kitchen_cookware_pilot_01-ordinary-target-language-large-pair-folders-20260704/by-support/EN-GB__English-United-Kingdom/EN-GB__PT__English-United-Kingdom_to_Portuguese/youtube_thumbnail.jpg","BDN76sq5tq4","https://www.youtube.com/watch?v=BDN76sq5tq4","","Portuguese A1","Kitchenware Basics","Cookware and utensils. Basic level."
"EN-GB","PT-BR","EN-GB__English-United-Kingdom","EN-GB__PT-BR__English-United-Kingdom_to_Portuguese-Brazil","/Users/lali/Documents/LUNA2/outputs/design-prototypes/youtube-thumbnail-home_kitchen_cookware_pilot_01-ordinary-target-language-large-pair-folders-20260704/by-support/EN-GB__English-United-Kingdom/EN-GB__PT-BR__English-United-Kingdom_to_Portuguese-Brazil/youtube_thumbnail.jpg","aGQkcshoG0o","https://www.youtube.com/watch?v=aGQkcshoG0o","","Portuguese (Brazil) A1","Kitchenware Basics","Cookware and utensils. Basic level."
"EN-GB","RO","EN-GB__English-United-Kingdom","EN-GB__RO__English-United-Kingdom_to_Romanian","/Users/lali/Documents/LUNA2/outputs/design-prototypes/youtube-thumbnail-home_kitchen_cookware_pilot_01-ordinary-target-language-large-pair-folders-20260704/by-support/EN-GB__English-United-Kingdom/EN-GB__RO__English-United-Kingdom_to_Romanian/youtube_thumbnail.jpg","9w2umqdB0Ps","https://www.youtube.com/watch?v=9w2umqdB0Ps","","Romanian A1","Kitchenware Basics","Cookware and utensils. Basic level."
"EN-GB","RU","EN-GB__English-United-Kingdom","EN-GB__RU__English-United-Kingdom_to_Russian","/Users/lali/Documents/LUNA2/outputs/design-prototypes/youtube-thumbnail-home_kitchen_cookware_pilot_01-ordinary-target-language-large-pair-folders-20260704/by-support/EN-GB__English-United-Kingdom/EN-GB__RU__English-United-Kingdom_to_Russian/youtube_thumbnail.jpg","QqIz-Ve9fjw","https://www.youtube.com/watch?v=QqIz-Ve9fjw","","Russian A1","Kitchenware Basics","Cookware and utensils. Basic level."
"EN-GB","RU,PL,CS,SK","EN-GB__English-United-Kingdom","EN-GB__RU,PL,CS,SK__English-United-Kingdom_to_RU-PL-CS-SK","/Users/lali/Documents/LUNA2/outputs/design-prototypes/youtube-thumbnail-home_kitchen_cookware_pilot_01-ordinary-target-language-large-pair-folders-20260704/by-support/EN-GB__English-United-Kingdom/EN-GB__RU,PL,CS,SK__English-United-Kingdom_to_RU-PL-CS-SK/youtube_thumbnail.jpg","Mp85wLaIfAw","https://www.youtube.com/watch?v=Mp85wLaIfAw","","RU,PL,CS,SK A1","Kitchenware Basics","Cookware and utensils. Basic level."
"EN-GB","SI","EN-GB__English-United-Kingdom","EN-GB__SI__English-United-Kingdom_to_Sinhala","/Users/lali/Documents/LUNA2/outputs/design-prototypes/youtube-thumbnail-home_kitchen_cookware_pilot_01-ordinary-target-language-large-pair-folders-20260704/by-support/EN-GB__English-United-Kingdom/EN-GB__SI__English-United-Kingdom_to_Sinhala/youtube_thumbnail.jpg","JMOfHwsV9uY","https://www.youtube.com/watch?v=JMOfHwsV9uY","","Sinhala A1","Kitchenware Basics","Cookware and utensils. Basic level."
"EN-GB","SK","EN-GB__English-United-Kingdom","EN-GB__SK__English-United-Kingdom_to_Slovak","/Users/lali/Documents/LUNA2/outputs/design-prototypes/youtube-thumbnail-home_kitchen_cookware_pilot_01-ordinary-target-language-large-pair-folders-20260704/by-support/EN-GB__English-United-Kingdom/EN-GB__SK__English-United-Kingdom_to_Slovak/youtube_thumbnail.jpg","dk-HgqR1hck","https://www.youtube.com/watch?v=dk-HgqR1hck","","Slovak A1","Kitchenware Basics","Cookware and utensils. Basic level."
"EN-GB","SL","EN-GB__English-United-Kingdom","EN-GB__SL__English-United-Kingdom_to_Slovenian","/Users/lali/Documents/LUNA2/outputs/design-prototypes/youtube-thumbnail-home_kitchen_cookware_pilot_01-ordinary-target-language-large-pair-folders-20260704/by-support/EN-GB__English-United-Kingdom/EN-GB__SL__English-United-Kingdom_to_Slovenian/youtube_thumbnail.jpg","OfcwOC3celY","https://www.youtube.com/watch?v=OfcwOC3celY","","Slovenian A1","Kitchenware Basics","Cookware and utensils. Basic level."
"EN-GB","SR","EN-GB__English-United-Kingdom","EN-GB__SR__English-United-Kingdom_to_Serbian-Latin","/Users/lali/Documents/LUNA2/outputs/design-prototypes/youtube-thumbnail-home_kitchen_cookware_pilot_01-ordinary-target-language-large-pair-folders-20260704/by-support/EN-GB__English-United-Kingdom/EN-GB__SR__English-United-Kingdom_to_Serbian-Latin/youtube_thumbnail.jpg","gxXxZtdq8Nc","https://www.youtube.com/watch?v=gxXxZtdq8Nc","","Serbian (Latin) A1","Kitchenware Basics","Cookware and utensils. Basic level."
"EN-GB","SV","EN-GB__English-United-Kingdom","EN-GB__SV__English-United-Kingdom_to_Swedish","/Users/lali/Documents/LUNA2/outputs/design-prototypes/youtube-thumbnail-home_kitchen_cookware_pilot_01-ordinary-target-language-large-pair-folders-20260704/by-support/EN-GB__English-United-Kingdom/EN-GB__SV__English-United-Kingdom_to_Swedish/youtube_thumbnail.jpg","kNX9fDBIVks","https://www.youtube.com/watch?v=kNX9fDBIVks","","Swedish A1","Kitchenware Basics","Cookware and utensils. Basic level."
"EN-GB","ZH","EN-GB__English-United-Kingdom","EN-GB__ZH__English-United-Kingdom_to_Chinese","/Users/lali/Documents/LUNA2/outputs/design-prototypes/youtube-thumbnail-home_kitchen_cookware_pilot_01-ordinary-target-language-large-pair-folders-20260704/by-support/EN-GB__English-United-Kingdom/EN-GB__ZH__English-United-Kingdom_to_Chinese/youtube_thumbnail.jpg","CyN-cdSjkrU","https://www.youtube.com/watch?v=CyN-cdSjkrU","","Chinese A1","Kitchenware Basics","Cookware and utensils. Basic level."
"EN-GB","ZH,JA,KO","EN-GB__English-United-Kingdom","EN-GB__ZH,JA,KO__English-United-Kingdom_to_ZH-JA-KO","/Users/lali/Documents/LUNA2/outputs/design-prototypes/youtube-thumbnail-home_kitchen_cookware_pilot_01-ordinary-target-language-large-pair-folders-20260704/by-support/EN-GB__English-United-Kingdom/EN-GB__ZH,JA,KO__English-United-Kingdom_to_ZH-JA-KO/youtube_thumbnail.jpg","o8hsruftFcY","https://www.youtube.com/watch?v=o8hsruftFcY","","ZH,JA,KO A1","Kitchenware Basics","Cookware and utensils. Basic level."
"ES","ES-419","ES__Spanish","ES__ES-419__Spanish_to_Spanish-Latin-America","/Users/lali/Documents/LUNA2/outputs/design-prototypes/youtube-thumbnail-home_kitchen_cookware_pilot_01-ordinary-target-language-large-pair-folders-20260704/by-support/ES__Spanish/ES__ES-419__Spanish_to_Spanish-Latin-America/youtube_thumbnail.jpg","LOBylHWWXz8","https://www.youtube.com/watch?v=LOBylHWWXz8","@lunacardsespanol","Español (Latinoamérica) A1","Utensilios de cocina","Vajilla y utensilios. Nivel básico."
"ES","FR,IT,PT,RO","ES__Spanish","ES__FR,IT,PT,RO__Spanish_to_FR-IT-PT-RO","/Users/lali/Documents/LUNA2/outputs/design-prototypes/youtube-thumbnail-home_kitchen_cookware_pilot_01-ordinary-target-language-large-pair-folders-20260704/by-support/ES__Spanish/ES__FR,IT,PT,RO__Spanish_to_FR-IT-PT-RO/youtube_thumbnail.jpg","IcuxCkPP06s","https://www.youtube.com/watch?v=IcuxCkPP06s","","FR,IT,PT,RO A1","Utensilios de cocina","Vajilla y utensilios. Nivel básico."
"ES","NB","ES__Spanish","ES__NB__Spanish_to_Norwegian-Bokmal","/Users/lali/Documents/LUNA2/outputs/design-prototypes/youtube-thumbnail-home_kitchen_cookware_pilot_01-ordinary-target-language-large-pair-folders-20260704/by-support/ES__Spanish/ES__NB__Spanish_to_Norwegian-Bokmal/youtube_thumbnail.jpg","AwomjvN2OIk","https://www.youtube.com/watch?v=AwomjvN2OIk","","Noruego bokmal A1","Utensilios de cocina","Vajilla y utensilios. Nivel básico."
"ES","NE","ES__Spanish","ES__NE__Spanish_to_Nepali","/Users/lali/Documents/LUNA2/outputs/design-prototypes/youtube-thumbnail-home_kitchen_cookware_pilot_01-ordinary-target-language-large-pair-folders-20260704/by-support/ES__Spanish/ES__NE__Spanish_to_Nepali/youtube_thumbnail.jpg","oOBFUGNJhKg","https://www.youtube.com/watch?v=oOBFUGNJhKg","","Nepalí A1","Utensilios de cocina","Vajilla y utensilios. Nivel básico."
"ES","NL","ES__Spanish","ES__NL__Spanish_to_Dutch","/Users/lali/Documents/LUNA2/outputs/design-prototypes/youtube-thumbnail-home_kitchen_cookware_pilot_01-ordinary-target-language-large-pair-folders-20260704/by-support/ES__Spanish/ES__NL__Spanish_to_Dutch/youtube_thumbnail.jpg","8YSHTg7zVaM","https://www.youtube.com/watch?v=8YSHTg7zVaM","","Neerlandés A1","Utensilios de cocina","Vajilla y utensilios. Nivel básico."
"ES","NO","ES__Spanish","ES__NO__Spanish_to_Norwegian-Bokmal","/Users/lali/Documents/LUNA2/outputs/design-prototypes/youtube-thumbnail-home_kitchen_cookware_pilot_01-ordinary-target-language-large-pair-folders-20260704/by-support/ES__Spanish/ES__NO__Spanish_to_Norwegian-Bokmal/youtube_thumbnail.jpg","66rnJiD2c3Q","https://www.youtube.com/watch?v=66rnJiD2c3Q","","Noruego bokmal A1","Utensilios de cocina","Vajilla y utensilios. Nivel básico."
"ES","PL","ES__Spanish","ES__PL__Spanish_to_Polish","/Users/lali/Documents/LUNA2/outputs/design-prototypes/youtube-thumbnail-home_kitchen_cookware_pilot_01-ordinary-target-language-large-pair-folders-20260704/by-support/ES__Spanish/ES__PL__Spanish_to_Polish/youtube_thumbnail.jpg","kagAu_6Ry9E","https://www.youtube.com/watch?v=kagAu_6Ry9E","","Polaco A1","Utensilios de cocina","Vajilla y utensilios. Nivel básico."
"ES","PT","ES__Spanish","ES__PT__Spanish_to_Portuguese","/Users/lali/Documents/LUNA2/outputs/design-prototypes/youtube-thumbnail-home_kitchen_cookware_pilot_01-ordinary-target-language-large-pair-folders-20260704/by-support/ES__Spanish/ES__PT__Spanish_to_Portuguese/youtube_thumbnail.jpg","nQHzf6SwIJM","https://www.youtube.com/watch?v=nQHzf6SwIJM","","Portugués A1","Utensilios de cocina","Vajilla y utensilios. Nivel básico."
"ES","PT-BR","ES__Spanish","ES__PT-BR__Spanish_to_Portuguese-Brazil","/Users/lali/Documents/LUNA2/outputs/design-prototypes/youtube-thumbnail-home_kitchen_cookware_pilot_01-ordinary-target-language-large-pair-folders-20260704/by-support/ES__Spanish/ES__PT-BR__Spanish_to_Portuguese-Brazil/youtube_thumbnail.jpg","cUTnzAmSb1I","https://www.youtube.com/watch?v=cUTnzAmSb1I","","Portugués (Brasil) A1","Utensilios de cocina","Vajilla y utensilios. Nivel básico."
"ES","RO","ES__Spanish","ES__RO__Spanish_to_Romanian","/Users/lali/Documents/LUNA2/outputs/design-prototypes/youtube-thumbnail-home_kitchen_cookware_pilot_01-ordinary-target-language-large-pair-folders-20260704/by-support/ES__Spanish/ES__RO__Spanish_to_Romanian/youtube_thumbnail.jpg","ktw9CEsix80","https://www.youtube.com/watch?v=ktw9CEsix80","","Rumano A1","Utensilios de cocina","Vajilla y utensilios. Nivel básico."
"ES","RU","ES__Spanish","ES__RU__Spanish_to_Russian","/Users/lali/Documents/LUNA2/outputs/design-prototypes/youtube-thumbnail-home_kitchen_cookware_pilot_01-ordinary-target-language-large-pair-folders-20260704/by-support/ES__Spanish/ES__RU__Spanish_to_Russian/youtube_thumbnail.jpg","_AHBh3YBO5M","https://www.youtube.com/watch?v=_AHBh3YBO5M","","Ruso A1","Utensilios de cocina","Vajilla y utensilios. Nivel básico."
"ES","RU,PL,CS,SK","ES__Spanish","ES__RU,PL,CS,SK__Spanish_to_RU-PL-CS-SK","/Users/lali/Documents/LUNA2/outputs/design-prototypes/youtube-thumbnail-home_kitchen_cookware_pilot_01-ordinary-target-language-large-pair-folders-20260704/by-support/ES__Spanish/ES__RU,PL,CS,SK__Spanish_to_RU-PL-CS-SK/youtube_thumbnail.jpg","nbnaVMj5PYk","https://www.youtube.com/watch?v=nbnaVMj5PYk","","RU,PL,CS,SK A1","Utensilios de cocina","Vajilla y utensilios. Nivel básico."
"ES","SI","ES__Spanish","ES__SI__Spanish_to_Sinhala","/Users/lali/Documents/LUNA2/outputs/design-prototypes/youtube-thumbnail-home_kitchen_cookware_pilot_01-ordinary-target-language-large-pair-folders-20260704/by-support/ES__Spanish/ES__SI__Spanish_to_Sinhala/youtube_thumbnail.jpg","dMQ2K7opFA0","https://www.youtube.com/watch?v=dMQ2K7opFA0","","Cingalés A1","Utensilios de cocina","Vajilla y utensilios. Nivel básico."
"ES","ZH","ES__Spanish","ES__ZH__Spanish_to_Chinese","/Users/lali/Documents/LUNA2/outputs/design-prototypes/youtube-thumbnail-home_kitchen_cookware_pilot_01-ordinary-target-language-large-pair-folders-20260704/by-support/ES__Spanish/ES__ZH__Spanish_to_Chinese/youtube_thumbnail.jpg","_MLyfa6tIW8","https://www.youtube.com/watch?v=_MLyfa6tIW8","","Chino A1","Utensilios de cocina","Vajilla y utensilios. Nivel básico."
"ES","ZH,JA,KO","ES__Spanish","ES__ZH,JA,KO__Spanish_to_ZH-JA-KO","/Users/lali/Documents/LUNA2/outputs/design-prototypes/youtube-thumbnail-home_kitchen_cookware_pilot_01-ordinary-target-language-large-pair-folders-20260704/by-support/ES__Spanish/ES__ZH,JA,KO__Spanish_to_ZH-JA-KO/youtube_thumbnail.jpg","FFRxZyjcFeU","https://www.youtube.com/watch?v=FFRxZyjcFeU","","ZH,JA,KO A1","Utensilios de cocina","Vajilla y utensilios. Nivel básico."
"ES-419","ES-419","ES-419__Spanish-Latin-America","ES-419__ES-419__Spanish-Latin-America_to_Spanish-Latin-America","/Users/lali/Documents/LUNA2/outputs/design-prototypes/youtube-thumbnail-home_kitchen_cookware_pilot_01-ordinary-target-language-large-pair-folders-20260704/by-support/ES-419__Spanish-Latin-America/ES-419__ES-419__Spanish-Latin-America_to_Spanish-Latin-America/youtube_thumbnail.jpg","LOBylHWWXz8","https://www.youtube.com/watch?v=LOBylHWWXz8","","Español (Latinoamérica) A1","Utensilios de cocina","Vajilla y utensilios. Nivel básico."
"ES-419","FR,IT,PT,RO","ES-419__Spanish-Latin-America","ES-419__FR,IT,PT,RO__Spanish-Latin-America_to_FR-IT-PT-RO","/Users/lali/Documents/LUNA2/outputs/design-prototypes/youtube-thumbnail-home_kitchen_cookware_pilot_01-ordinary-target-language-large-pair-folders-20260704/by-support/ES-419__Spanish-Latin-America/ES-419__FR,IT,PT,RO__Spanish-Latin-America_to_FR-IT-PT-RO/youtube_thumbnail.jpg","IcuxCkPP06s","https://www.youtube.com/watch?v=IcuxCkPP06s","","FR,IT,PT,RO A1","Utensilios de cocina","Vajilla y utensilios. Nivel básico."
"ES-419","NB","ES-419__Spanish-Latin-America","ES-419__NB__Spanish-Latin-America_to_Norwegian-Bokmal","/Users/lali/Documents/LUNA2/outputs/design-prototypes/youtube-thumbnail-home_kitchen_cookware_pilot_01-ordinary-target-language-large-pair-folders-20260704/by-support/ES-419__Spanish-Latin-America/ES-419__NB__Spanish-Latin-America_to_Norwegian-Bokmal/youtube_thumbnail.jpg","AwomjvN2OIk","https://www.youtube.com/watch?v=AwomjvN2OIk","","Noruego bokmal A1","Utensilios de cocina","Vajilla y utensilios. Nivel básico."
"ES-419","NE","ES-419__Spanish-Latin-America","ES-419__NE__Spanish-Latin-America_to_Nepali","/Users/lali/Documents/LUNA2/outputs/design-prototypes/youtube-thumbnail-home_kitchen_cookware_pilot_01-ordinary-target-language-large-pair-folders-20260704/by-support/ES-419__Spanish-Latin-America/ES-419__NE__Spanish-Latin-America_to_Nepali/youtube_thumbnail.jpg","oOBFUGNJhKg","https://www.youtube.com/watch?v=oOBFUGNJhKg","","Nepalí A1","Utensilios de cocina","Vajilla y utensilios. Nivel básico."
"ES-419","NL","ES-419__Spanish-Latin-America","ES-419__NL__Spanish-Latin-America_to_Dutch","/Users/lali/Documents/LUNA2/outputs/design-prototypes/youtube-thumbnail-home_kitchen_cookware_pilot_01-ordinary-target-language-large-pair-folders-20260704/by-support/ES-419__Spanish-Latin-America/ES-419__NL__Spanish-Latin-America_to_Dutch/youtube_thumbnail.jpg","8YSHTg7zVaM","https://www.youtube.com/watch?v=8YSHTg7zVaM","","Neerlandés A1","Utensilios de cocina","Vajilla y utensilios. Nivel básico."
"ES-419","NO","ES-419__Spanish-Latin-America","ES-419__NO__Spanish-Latin-America_to_Norwegian-Bokmal","/Users/lali/Documents/LUNA2/outputs/design-prototypes/youtube-thumbnail-home_kitchen_cookware_pilot_01-ordinary-target-language-large-pair-folders-20260704/by-support/ES-419__Spanish-Latin-America/ES-419__NO__Spanish-Latin-America_to_Norwegian-Bokmal/youtube_thumbnail.jpg","66rnJiD2c3Q","https://www.youtube.com/watch?v=66rnJiD2c3Q","","Noruego bokmal A1","Utensilios de cocina","Vajilla y utensilios. Nivel básico."
"ES-419","PL","ES-419__Spanish-Latin-America","ES-419__PL__Spanish-Latin-America_to_Polish","/Users/lali/Documents/LUNA2/outputs/design-prototypes/youtube-thumbnail-home_kitchen_cookware_pilot_01-ordinary-target-language-large-pair-folders-20260704/by-support/ES-419__Spanish-Latin-America/ES-419__PL__Spanish-Latin-America_to_Polish/youtube_thumbnail.jpg","kagAu_6Ry9E","https://www.youtube.com/watch?v=kagAu_6Ry9E","","Polaco A1","Utensilios de cocina","Vajilla y utensilios. Nivel básico."
"ES-419","PT","ES-419__Spanish-Latin-America","ES-419__PT__Spanish-Latin-America_to_Portuguese","/Users/lali/Documents/LUNA2/outputs/design-prototypes/youtube-thumbnail-home_kitchen_cookware_pilot_01-ordinary-target-language-large-pair-folders-20260704/by-support/ES-419__Spanish-Latin-America/ES-419__PT__Spanish-Latin-America_to_Portuguese/youtube_thumbnail.jpg","nQHzf6SwIJM","https://www.youtube.com/watch?v=nQHzf6SwIJM","@lunacardsespanol","Portugués A1","Utensilios de cocina","Vajilla y utensilios. Nivel básico."
"ES-419","PT-BR","ES-419__Spanish-Latin-America","ES-419__PT-BR__Spanish-Latin-America_to_Portuguese-Brazil","/Users/lali/Documents/LUNA2/outputs/design-prototypes/youtube-thumbnail-home_kitchen_cookware_pilot_01-ordinary-target-language-large-pair-folders-20260704/by-support/ES-419__Spanish-Latin-America/ES-419__PT-BR__Spanish-Latin-America_to_Portuguese-Brazil/youtube_thumbnail.jpg","cUTnzAmSb1I","https://www.youtube.com/watch?v=cUTnzAmSb1I","","Portugués (Brasil) A1","Utensilios de cocina","Vajilla y utensilios. Nivel básico."
"ES-419","RO","ES-419__Spanish-Latin-America","ES-419__RO__Spanish-Latin-America_to_Romanian","/Users/lali/Documents/LUNA2/outputs/design-prototypes/youtube-thumbnail-home_kitchen_cookware_pilot_01-ordinary-target-language-large-pair-folders-20260704/by-support/ES-419__Spanish-Latin-America/ES-419__RO__Spanish-Latin-America_to_Romanian/youtube_thumbnail.jpg","ktw9CEsix80","https://www.youtube.com/watch?v=ktw9CEsix80","","Rumano A1","Utensilios de cocina","Vajilla y utensilios. Nivel básico."
"ES-419","RU","ES-419__Spanish-Latin-America","ES-419__RU__Spanish-Latin-America_to_Russian","/Users/lali/Documents/LUNA2/outputs/design-prototypes/youtube-thumbnail-home_kitchen_cookware_pilot_01-ordinary-target-language-large-pair-folders-20260704/by-support/ES-419__Spanish-Latin-America/ES-419__RU__Spanish-Latin-America_to_Russian/youtube_thumbnail.jpg","_AHBh3YBO5M","https://www.youtube.com/watch?v=_AHBh3YBO5M","@lunacardsespanol","Ruso A1","Utensilios de cocina","Vajilla y utensilios. Nivel básico."
"ES-419","RU,PL,CS,SK","ES-419__Spanish-Latin-America","ES-419__RU,PL,CS,SK__Spanish-Latin-America_to_RU-PL-CS-SK","/Users/lali/Documents/LUNA2/outputs/design-prototypes/youtube-thumbnail-home_kitchen_cookware_pilot_01-ordinary-target-language-large-pair-folders-20260704/by-support/ES-419__Spanish-Latin-America/ES-419__RU,PL,CS,SK__Spanish-Latin-America_to_RU-PL-CS-SK/youtube_thumbnail.jpg","nbnaVMj5PYk","https://www.youtube.com/watch?v=nbnaVMj5PYk","","RU,PL,CS,SK A1","Utensilios de cocina","Vajilla y utensilios. Nivel básico."
"ES-419","SI","ES-419__Spanish-Latin-America","ES-419__SI__Spanish-Latin-America_to_Sinhala","/Users/lali/Documents/LUNA2/outputs/design-prototypes/youtube-thumbnail-home_kitchen_cookware_pilot_01-ordinary-target-language-large-pair-folders-20260704/by-support/ES-419__Spanish-Latin-America/ES-419__SI__Spanish-Latin-America_to_Sinhala/youtube_thumbnail.jpg","dMQ2K7opFA0","https://www.youtube.com/watch?v=dMQ2K7opFA0","","Cingalés A1","Utensilios de cocina","Vajilla y utensilios. Nivel básico."
"ES-419","ZH","ES-419__Spanish-Latin-America","ES-419__ZH__Spanish-Latin-America_to_Chinese","/Users/lali/Documents/LUNA2/outputs/design-prototypes/youtube-thumbnail-home_kitchen_cookware_pilot_01-ordinary-target-language-large-pair-folders-20260704/by-support/ES-419__Spanish-Latin-America/ES-419__ZH__Spanish-Latin-America_to_Chinese/youtube_thumbnail.jpg","_MLyfa6tIW8","https://www.youtube.com/watch?v=_MLyfa6tIW8","@lunacardsespanol","Chino A1","Utensilios de cocina","Vajilla y utensilios. Nivel básico."
"ES-419","ZH,JA,KO","ES-419__Spanish-Latin-America","ES-419__ZH,JA,KO__Spanish-Latin-America_to_ZH-JA-KO","/Users/lali/Documents/LUNA2/outputs/design-prototypes/youtube-thumbnail-home_kitchen_cookware_pilot_01-ordinary-target-language-large-pair-folders-20260704/by-support/ES-419__Spanish-Latin-America/ES-419__ZH,JA,KO__Spanish-Latin-America_to_ZH-JA-KO/youtube_thumbnail.jpg","FFRxZyjcFeU","https://www.youtube.com/watch?v=FFRxZyjcFeU","","ZH,JA,KO A1","Utensilios de cocina","Vajilla y utensilios. Nivel básico."
"JA","AZ","JA__Japanese","JA__AZ__Japanese_to_Azerbaijani","/Users/lali/Documents/LUNA2/outputs/design-prototypes/youtube-thumbnail-home_kitchen_cookware_pilot_01-ordinary-target-language-large-pair-folders-20260704/by-support/JA__Japanese/JA__AZ__Japanese_to_Azerbaijani/youtube_thumbnail.jpg","iRebVZuAoBE","https://www.youtube.com/watch?v=iRebVZuAoBE","@lunacardsjapan","アゼルバイジャン語 A1","台所用品の基本","食器と調理器具。基本レベル。"
"JA","BG","JA__Japanese","JA__BG__Japanese_to_Bulgarian","/Users/lali/Documents/LUNA2/outputs/design-prototypes/youtube-thumbnail-home_kitchen_cookware_pilot_01-ordinary-target-language-large-pair-folders-20260704/by-support/JA__Japanese/JA__BG__Japanese_to_Bulgarian/youtube_thumbnail.jpg","u9Edi8jShxc","https://www.youtube.com/watch?v=u9Edi8jShxc","@lunacardsjapan","ブルガリア語 A1","台所用品の基本","食器と調理器具。基本レベル。"
"JA","BN","JA__Japanese","JA__BN__Japanese_to_Bangla","/Users/lali/Documents/LUNA2/outputs/design-prototypes/youtube-thumbnail-home_kitchen_cookware_pilot_01-ordinary-target-language-large-pair-folders-20260704/by-support/JA__Japanese/JA__BN__Japanese_to_Bangla/youtube_thumbnail.jpg","EpDeKJEz90c","https://www.youtube.com/watch?v=EpDeKJEz90c","@lunacardsjapan","ベンガル語 A1","台所用品の基本","食器と調理器具。基本レベル。"
"JA","CS","JA__Japanese","JA__CS__Japanese_to_Czech","/Users/lali/Documents/LUNA2/outputs/design-prototypes/youtube-thumbnail-home_kitchen_cookware_pilot_01-ordinary-target-language-large-pair-folders-20260704/by-support/JA__Japanese/JA__CS__Japanese_to_Czech/youtube_thumbnail.jpg","dQvW6c9aXi4","https://www.youtube.com/watch?v=dQvW6c9aXi4","@lunacardsjapan","チェコ語 A1","台所用品の基本","食器と調理器具。基本レベル。"
"JA","DA","JA__Japanese","JA__DA__Japanese_to_Danish","/Users/lali/Documents/LUNA2/outputs/design-prototypes/youtube-thumbnail-home_kitchen_cookware_pilot_01-ordinary-target-language-large-pair-folders-20260704/by-support/JA__Japanese/JA__DA__Japanese_to_Danish/youtube_thumbnail.jpg","pFPWEFO2O4k","https://www.youtube.com/watch?v=pFPWEFO2O4k","@lunacardsjapan","デンマーク語 A1","台所用品の基本","食器と調理器具。基本レベル。"
"JA","DE","JA__Japanese","JA__DE__Japanese_to_German","/Users/lali/Documents/LUNA2/outputs/design-prototypes/youtube-thumbnail-home_kitchen_cookware_pilot_01-ordinary-target-language-large-pair-folders-20260704/by-support/JA__Japanese/JA__DE__Japanese_to_German/youtube_thumbnail.jpg","XjdwsRptYd0","https://www.youtube.com/watch?v=XjdwsRptYd0","@lunacardsjapan","ドイツ語 A1","台所用品の基本","食器と調理器具。基本レベル。"
"JA","EN","JA__Japanese","JA__EN__Japanese_to_English","/Users/lali/Documents/LUNA2/outputs/design-prototypes/youtube-thumbnail-home_kitchen_cookware_pilot_01-ordinary-target-language-large-pair-folders-20260704/by-support/JA__Japanese/JA__EN__Japanese_to_English/youtube_thumbnail.jpg","isefZN9FV04","https://www.youtube.com/watch?v=isefZN9FV04","@lunacardsjapan","英語 A1","台所用品の基本","食器と調理器具。基本レベル。"
"JA","EN-GB","JA__Japanese","JA__EN-GB__Japanese_to_English-United-Kingdom","/Users/lali/Documents/LUNA2/outputs/design-prototypes/youtube-thumbnail-home_kitchen_cookware_pilot_01-ordinary-target-language-large-pair-folders-20260704/by-support/JA__Japanese/JA__EN-GB__Japanese_to_English-United-Kingdom/youtube_thumbnail.jpg","Rv4TpBpmzPU","https://www.youtube.com/watch?v=Rv4TpBpmzPU","@lunacardsjapan","英語 (イギリス) A1","台所用品の基本","食器と調理器具。基本レベル。"
"JA","EN,ES,FR,DE","JA__Japanese","JA__EN,ES,FR,DE__Japanese_to_EN-ES-FR-DE","/Users/lali/Documents/LUNA2/outputs/design-prototypes/youtube-thumbnail-home_kitchen_cookware_pilot_01-ordinary-target-language-large-pair-folders-20260704/by-support/JA__Japanese/JA__EN,ES,FR,DE__Japanese_to_EN-ES-FR-DE/youtube_thumbnail.jpg","1kLbszU-80w","https://www.youtube.com/watch?v=1kLbszU-80w","","EN,ES,FR,DE A1","台所用品の基本","食器と調理器具。基本レベル。"
"JA","ES","JA__Japanese","JA__ES__Japanese_to_Spanish","/Users/lali/Documents/LUNA2/outputs/design-prototypes/youtube-thumbnail-home_kitchen_cookware_pilot_01-ordinary-target-language-large-pair-folders-20260704/by-support/JA__Japanese/JA__ES__Japanese_to_Spanish/youtube_thumbnail.jpg","WYybRudKgzI","https://www.youtube.com/watch?v=WYybRudKgzI","@lunacardsjapan","スペイン語 A1","台所用品の基本","食器と調理器具。基本レベル。"
"JA","ES-419","JA__Japanese","JA__ES-419__Japanese_to_Spanish-Latin-America","/Users/lali/Documents/LUNA2/outputs/design-prototypes/youtube-thumbnail-home_kitchen_cookware_pilot_01-ordinary-target-language-large-pair-folders-20260704/by-support/JA__Japanese/JA__ES-419__Japanese_to_Spanish-Latin-America/youtube_thumbnail.jpg","l19aYtGKPu0","https://www.youtube.com/watch?v=l19aYtGKPu0","@lunacardsjapan","スペイン語 (ラテンアメリカ) A1","台所用品の基本","食器と調理器具。基本レベル。"
"JA","ES,FR,IT,PT","JA__Japanese","JA__ES,FR,IT,PT__Japanese_to_ES-FR-IT-PT","/Users/lali/Documents/LUNA2/outputs/design-prototypes/youtube-thumbnail-home_kitchen_cookware_pilot_01-ordinary-target-language-large-pair-folders-20260704/by-support/JA__Japanese/JA__ES,FR,IT,PT__Japanese_to_ES-FR-IT-PT/youtube_thumbnail.jpg","HQfi1_MzKW0","https://www.youtube.com/watch?v=HQfi1_MzKW0","","ES,FR,IT,PT A1","台所用品の基本","食器と調理器具。基本レベル。"
"JA","ET","JA__Japanese","JA__ET__Japanese_to_Estonian","/Users/lali/Documents/LUNA2/outputs/design-prototypes/youtube-thumbnail-home_kitchen_cookware_pilot_01-ordinary-target-language-large-pair-folders-20260704/by-support/JA__Japanese/JA__ET__Japanese_to_Estonian/youtube_thumbnail.jpg","3OeXTdG853A","https://www.youtube.com/watch?v=3OeXTdG853A","@lunacardsjapan","エストニア語 A1","台所用品の基本","食器と調理器具。基本レベル。"
"JA","FI","JA__Japanese","JA__FI__Japanese_to_Finnish","/Users/lali/Documents/LUNA2/outputs/design-prototypes/youtube-thumbnail-home_kitchen_cookware_pilot_01-ordinary-target-language-large-pair-folders-20260704/by-support/JA__Japanese/JA__FI__Japanese_to_Finnish/youtube_thumbnail.jpg","wofNFi6js2A","https://www.youtube.com/watch?v=wofNFi6js2A","@lunacardsjapan","フィンランド語 A1","台所用品の基本","食器と調理器具。基本レベル。"
"JA","FR","JA__Japanese","JA__FR__Japanese_to_French","/Users/lali/Documents/LUNA2/outputs/design-prototypes/youtube-thumbnail-home_kitchen_cookware_pilot_01-ordinary-target-language-large-pair-folders-20260704/by-support/JA__Japanese/JA__FR__Japanese_to_French/youtube_thumbnail.jpg","zDMt_U0sKtg","https://www.youtube.com/watch?v=zDMt_U0sKtg","@lunacardsjapan","フランス語 A1","台所用品の基本","食器と調理器具。基本レベル。"
"JA","HI","JA__Japanese","JA__HI__Japanese_to_Hindi","/Users/lali/Documents/LUNA2/outputs/design-prototypes/youtube-thumbnail-home_kitchen_cookware_pilot_01-ordinary-target-language-large-pair-folders-20260704/by-support/JA__Japanese/JA__HI__Japanese_to_Hindi/youtube_thumbnail.jpg","20CN4TbiUfo","https://www.youtube.com/watch?v=20CN4TbiUfo","@lunacardsjapan","ヒンディー語 A1","台所用品の基本","食器と調理器具。基本レベル。"
"JA","HR","JA__Japanese","JA__HR__Japanese_to_Croatian","/Users/lali/Documents/LUNA2/outputs/design-prototypes/youtube-thumbnail-home_kitchen_cookware_pilot_01-ordinary-target-language-large-pair-folders-20260704/by-support/JA__Japanese/JA__HR__Japanese_to_Croatian/youtube_thumbnail.jpg","kJ6VuIDtItI","https://www.youtube.com/watch?v=kJ6VuIDtItI","@lunacardsjapan","クロアチア語 A1","台所用品の基本","食器と調理器具。基本レベル。"
"JA","HU","JA__Japanese","JA__HU__Japanese_to_Hungarian","/Users/lali/Documents/LUNA2/outputs/design-prototypes/youtube-thumbnail-home_kitchen_cookware_pilot_01-ordinary-target-language-large-pair-folders-20260704/by-support/JA__Japanese/JA__HU__Japanese_to_Hungarian/youtube_thumbnail.jpg","-Z3b7OPiMB8","https://www.youtube.com/watch?v=-Z3b7OPiMB8","@lunacardsjapan","ハンガリー語 A1","台所用品の基本","食器と調理器具。基本レベル。"
"JA","HY","JA__Japanese","JA__HY__Japanese_to_Armenian","/Users/lali/Documents/LUNA2/outputs/design-prototypes/youtube-thumbnail-home_kitchen_cookware_pilot_01-ordinary-target-language-large-pair-folders-20260704/by-support/JA__Japanese/JA__HY__Japanese_to_Armenian/youtube_thumbnail.jpg","zNSXajrnQGg","https://www.youtube.com/watch?v=zNSXajrnQGg","","アルメニア語 A1","台所用品の基本","食器と調理器具。基本レベル。"
"JA","ID","JA__Japanese","JA__ID__Japanese_to_Indonesian","/Users/lali/Documents/LUNA2/outputs/design-prototypes/youtube-thumbnail-home_kitchen_cookware_pilot_01-ordinary-target-language-large-pair-folders-20260704/by-support/JA__Japanese/JA__ID__Japanese_to_Indonesian/youtube_thumbnail.jpg","pZsjE9LDEF0","https://www.youtube.com/watch?v=pZsjE9LDEF0","@lunacardsjapan","インドネシア語 A1","台所用品の基本","食器と調理器具。基本レベル。"
"JA","IS","JA__Japanese","JA__IS__Japanese_to_Icelandic","/Users/lali/Documents/LUNA2/outputs/design-prototypes/youtube-thumbnail-home_kitchen_cookware_pilot_01-ordinary-target-language-large-pair-folders-20260704/by-support/JA__Japanese/JA__IS__Japanese_to_Icelandic/youtube_thumbnail.jpg","ownsl-_bo2I","https://www.youtube.com/watch?v=ownsl-_bo2I","@lunacardsjapan","アイスランド語 A1","台所用品の基本","食器と調理器具。基本レベル。"
"JA","IT","JA__Japanese","JA__IT__Japanese_to_Italian","/Users/lali/Documents/LUNA2/outputs/design-prototypes/youtube-thumbnail-home_kitchen_cookware_pilot_01-ordinary-target-language-large-pair-folders-20260704/by-support/JA__Japanese/JA__IT__Japanese_to_Italian/youtube_thumbnail.jpg","-Jz89Om-feA","https://www.youtube.com/watch?v=-Jz89Om-feA","@lunacardsjapan","イタリア語 A1","台所用品の基本","食器と調理器具。基本レベル。"
"JA","KA","JA__Japanese","JA__KA__Japanese_to_Georgian","/Users/lali/Documents/LUNA2/outputs/design-prototypes/youtube-thumbnail-home_kitchen_cookware_pilot_01-ordinary-target-language-large-pair-folders-20260704/by-support/JA__Japanese/JA__KA__Japanese_to_Georgian/youtube_thumbnail.jpg","CZangLCrvMw","https://www.youtube.com/watch?v=CZangLCrvMw","@lunacardsjapan","ジョージア語 A1","台所用品の基本","食器と調理器具。基本レベル。"
"JA","KK","JA__Japanese","JA__KK__Japanese_to_Kazakh","/Users/lali/Documents/LUNA2/outputs/design-prototypes/youtube-thumbnail-home_kitchen_cookware_pilot_01-ordinary-target-language-large-pair-folders-20260704/by-support/JA__Japanese/JA__KK__Japanese_to_Kazakh/youtube_thumbnail.jpg","AMY3QOJWSqU","https://www.youtube.com/watch?v=AMY3QOJWSqU","@lunacardsjapan","カザフ語 A1","台所用品の基本","食器と調理器具。基本レベル。"
"JA","KM","JA__Japanese","JA__KM__Japanese_to_Khmer","/Users/lali/Documents/LUNA2/outputs/design-prototypes/youtube-thumbnail-home_kitchen_cookware_pilot_01-ordinary-target-language-large-pair-folders-20260704/by-support/JA__Japanese/JA__KM__Japanese_to_Khmer/youtube_thumbnail.jpg","rWAbCwTAWmo","https://www.youtube.com/watch?v=rWAbCwTAWmo","","クメール語 A1","台所用品の基本","食器と調理器具。基本レベル。"
"JA","KN","JA__Japanese","JA__KN__Japanese_to_Kannada","/Users/lali/Documents/LUNA2/outputs/design-prototypes/youtube-thumbnail-home_kitchen_cookware_pilot_01-ordinary-target-language-large-pair-folders-20260704/by-support/JA__Japanese/JA__KN__Japanese_to_Kannada/youtube_thumbnail.jpg","9DagWdj4Vd0","https://www.youtube.com/watch?v=9DagWdj4Vd0","","カンナダ語 A1","台所用品の基本","食器と調理器具。基本レベル。"
"JA","KO","JA__Japanese","JA__KO__Japanese_to_Korean","/Users/lali/Documents/LUNA2/outputs/design-prototypes/youtube-thumbnail-home_kitchen_cookware_pilot_01-ordinary-target-language-large-pair-folders-20260704/by-support/JA__Japanese/JA__KO__Japanese_to_Korean/youtube_thumbnail.jpg","Q6rojGakyFE","https://www.youtube.com/watch?v=Q6rojGakyFE","","韓国語 A1","台所用品の基本","食器と調理器具。基本レベル。"
"JA","LO","JA__Japanese","JA__LO__Japanese_to_Lao","/Users/lali/Documents/LUNA2/outputs/design-prototypes/youtube-thumbnail-home_kitchen_cookware_pilot_01-ordinary-target-language-large-pair-folders-20260704/by-support/JA__Japanese/JA__LO__Japanese_to_Lao/youtube_thumbnail.jpg","MBv69S2_kHo","https://www.youtube.com/watch?v=MBv69S2_kHo","","ラオ語 A1","台所用品の基本","食器と調理器具。基本レベル。"
"JA","LT","JA__Japanese","JA__LT__Japanese_to_Lithuanian","/Users/lali/Documents/LUNA2/outputs/design-prototypes/youtube-thumbnail-home_kitchen_cookware_pilot_01-ordinary-target-language-large-pair-folders-20260704/by-support/JA__Japanese/JA__LT__Japanese_to_Lithuanian/youtube_thumbnail.jpg","yBkT4eCJMKE","https://www.youtube.com/watch?v=yBkT4eCJMKE","","リトアニア語 A1","台所用品の基本","食器と調理器具。基本レベル。"
"JA","LV","JA__Japanese","JA__LV__Japanese_to_Latvian","/Users/lali/Documents/LUNA2/outputs/design-prototypes/youtube-thumbnail-home_kitchen_cookware_pilot_01-ordinary-target-language-large-pair-folders-20260704/by-support/JA__Japanese/JA__LV__Japanese_to_Latvian/youtube_thumbnail.jpg","dwOFylzRUWo","https://www.youtube.com/watch?v=dwOFylzRUWo","@lunacardsjapan","ラトビア語 A1","台所用品の基本","食器と調理器具。基本レベル。"
"JA","ML","JA__Japanese","JA__ML__Japanese_to_Malayalam","/Users/lali/Documents/LUNA2/outputs/design-prototypes/youtube-thumbnail-home_kitchen_cookware_pilot_01-ordinary-target-language-large-pair-folders-20260704/by-support/JA__Japanese/JA__ML__Japanese_to_Malayalam/youtube_thumbnail.jpg","2ruKgrXhMew","https://www.youtube.com/watch?v=2ruKgrXhMew","@lunacardsjapan","マラヤーラム語 A1","台所用品の基本","食器と調理器具。基本レベル。"
"JA","MS","JA__Japanese","JA__MS__Japanese_to_Malay","/Users/lali/Documents/LUNA2/outputs/design-prototypes/youtube-thumbnail-home_kitchen_cookware_pilot_01-ordinary-target-language-large-pair-folders-20260704/by-support/JA__Japanese/JA__MS__Japanese_to_Malay/youtube_thumbnail.jpg","zKyenXNjZsI","https://www.youtube.com/watch?v=zKyenXNjZsI","@lunacardsjapan","マレー語 A1","台所用品の基本","食器と調理器具。基本レベル。"
"JA","MY","JA__Japanese","JA__MY__Japanese_to_Burmese","/Users/lali/Documents/LUNA2/outputs/design-prototypes/youtube-thumbnail-home_kitchen_cookware_pilot_01-ordinary-target-language-large-pair-folders-20260704/by-support/JA__Japanese/JA__MY__Japanese_to_Burmese/youtube_thumbnail.jpg","BV5NPdlUtbQ","https://www.youtube.com/watch?v=BV5NPdlUtbQ","@lunacardsjapan","ミャンマー語 A1","台所用品の基本","食器と調理器具。基本レベル。"
"JA","NB","JA__Japanese","JA__NB__Japanese_to_Norwegian-Bokmal","/Users/lali/Documents/LUNA2/outputs/design-prototypes/youtube-thumbnail-home_kitchen_cookware_pilot_01-ordinary-target-language-large-pair-folders-20260704/by-support/JA__Japanese/JA__NB__Japanese_to_Norwegian-Bokmal/youtube_thumbnail.jpg","Zcp2MT4myPA","https://www.youtube.com/watch?v=Zcp2MT4myPA","@lunacardsjapan","ノルウェー語(ブークモール) A1","台所用品の基本","食器と調理器具。基本レベル。"
"JA","NE","JA__Japanese","JA__NE__Japanese_to_Nepali","/Users/lali/Documents/LUNA2/outputs/design-prototypes/youtube-thumbnail-home_kitchen_cookware_pilot_01-ordinary-target-language-large-pair-folders-20260704/by-support/JA__Japanese/JA__NE__Japanese_to_Nepali/youtube_thumbnail.jpg","_zJK0v4C-9o","https://www.youtube.com/watch?v=_zJK0v4C-9o","","ネパール語 A1","台所用品の基本","食器と調理器具。基本レベル。"
"JA","NL","JA__Japanese","JA__NL__Japanese_to_Dutch","/Users/lali/Documents/LUNA2/outputs/design-prototypes/youtube-thumbnail-home_kitchen_cookware_pilot_01-ordinary-target-language-large-pair-folders-20260704/by-support/JA__Japanese/JA__NL__Japanese_to_Dutch/youtube_thumbnail.jpg","oZAo1ufYm7A","https://www.youtube.com/watch?v=oZAo1ufYm7A","","オランダ語 A1","台所用品の基本","食器と調理器具。基本レベル。"
"JA","NO","JA__Japanese","JA__NO__Japanese_to_Norwegian-Bokmal","/Users/lali/Documents/LUNA2/outputs/design-prototypes/youtube-thumbnail-home_kitchen_cookware_pilot_01-ordinary-target-language-large-pair-folders-20260704/by-support/JA__Japanese/JA__NO__Japanese_to_Norwegian-Bokmal/youtube_thumbnail.jpg","Zcp2MT4myPA","https://www.youtube.com/watch?v=Zcp2MT4myPA","","ノルウェー語(ブークモール) A1","台所用品の基本","食器と調理器具。基本レベル。"
"JA","PL","JA__Japanese","JA__PL__Japanese_to_Polish","/Users/lali/Documents/LUNA2/outputs/design-prototypes/youtube-thumbnail-home_kitchen_cookware_pilot_01-ordinary-target-language-large-pair-folders-20260704/by-support/JA__Japanese/JA__PL__Japanese_to_Polish/youtube_thumbnail.jpg","-8jJFpfuuPY","https://www.youtube.com/watch?v=-8jJFpfuuPY","","ポーランド語 A1","台所用品の基本","食器と調理器具。基本レベル。"
"JA","PT","JA__Japanese","JA__PT__Japanese_to_Portuguese","/Users/lali/Documents/LUNA2/outputs/design-prototypes/youtube-thumbnail-home_kitchen_cookware_pilot_01-ordinary-target-language-large-pair-folders-20260704/by-support/JA__Japanese/JA__PT__Japanese_to_Portuguese/youtube_thumbnail.jpg","iSzqkwffGx0","https://www.youtube.com/watch?v=iSzqkwffGx0","@lunacardsjapan","ポルトガル語 A1","台所用品の基本","食器と調理器具。基本レベル。"
"JA","PT-BR","JA__Japanese","JA__PT-BR__Japanese_to_Portuguese-Brazil","/Users/lali/Documents/LUNA2/outputs/design-prototypes/youtube-thumbnail-home_kitchen_cookware_pilot_01-ordinary-target-language-large-pair-folders-20260704/by-support/JA__Japanese/JA__PT-BR__Japanese_to_Portuguese-Brazil/youtube_thumbnail.jpg","_rckHvgym2Y","https://www.youtube.com/watch?v=_rckHvgym2Y","","ポルトガル語 (ブラジル) A1","台所用品の基本","食器と調理器具。基本レベル。"
"JA","RO","JA__Japanese","JA__RO__Japanese_to_Romanian","/Users/lali/Documents/LUNA2/outputs/design-prototypes/youtube-thumbnail-home_kitchen_cookware_pilot_01-ordinary-target-language-large-pair-folders-20260704/by-support/JA__Japanese/JA__RO__Japanese_to_Romanian/youtube_thumbnail.jpg","tF4KOQUnpD8","https://www.youtube.com/watch?v=tF4KOQUnpD8","","ルーマニア語 A1","台所用品の基本","食器と調理器具。基本レベル。"
"JA","RU","JA__Japanese","JA__RU__Japanese_to_Russian","/Users/lali/Documents/LUNA2/outputs/design-prototypes/youtube-thumbnail-home_kitchen_cookware_pilot_01-ordinary-target-language-large-pair-folders-20260704/by-support/JA__Japanese/JA__RU__Japanese_to_Russian/youtube_thumbnail.jpg","uufxy4t0AWI","https://www.youtube.com/watch?v=uufxy4t0AWI","@lunacardsjapan","ロシア語 A1","台所用品の基本","食器と調理器具。基本レベル。"
"JA","RU,PL,CS,SK","JA__Japanese","JA__RU,PL,CS,SK__Japanese_to_RU-PL-CS-SK","/Users/lali/Documents/LUNA2/outputs/design-prototypes/youtube-thumbnail-home_kitchen_cookware_pilot_01-ordinary-target-language-large-pair-folders-20260704/by-support/JA__Japanese/JA__RU,PL,CS,SK__Japanese_to_RU-PL-CS-SK/youtube_thumbnail.jpg","slG9za2NrSQ","https://www.youtube.com/watch?v=slG9za2NrSQ","","RU,PL,CS,SK A1","台所用品の基本","食器と調理器具。基本レベル。"
"JA","SI","JA__Japanese","JA__SI__Japanese_to_Sinhala","/Users/lali/Documents/LUNA2/outputs/design-prototypes/youtube-thumbnail-home_kitchen_cookware_pilot_01-ordinary-target-language-large-pair-folders-20260704/by-support/JA__Japanese/JA__SI__Japanese_to_Sinhala/youtube_thumbnail.jpg","zi2ENT8K06U","https://www.youtube.com/watch?v=zi2ENT8K06U","","シンハラ語 A1","台所用品の基本","食器と調理器具。基本レベル。"
"JA","SK","JA__Japanese","JA__SK__Japanese_to_Slovak","/Users/lali/Documents/LUNA2/outputs/design-prototypes/youtube-thumbnail-home_kitchen_cookware_pilot_01-ordinary-target-language-large-pair-folders-20260704/by-support/JA__Japanese/JA__SK__Japanese_to_Slovak/youtube_thumbnail.jpg","od3RGGX4i1o","https://www.youtube.com/watch?v=od3RGGX4i1o","","スロバキア語 A1","台所用品の基本","食器と調理器具。基本レベル。"
"JA","ZH","JA__Japanese","JA__ZH__Japanese_to_Chinese","/Users/lali/Documents/LUNA2/outputs/design-prototypes/youtube-thumbnail-home_kitchen_cookware_pilot_01-ordinary-target-language-large-pair-folders-20260704/by-support/JA__Japanese/JA__ZH__Japanese_to_Chinese/youtube_thumbnail.jpg","ubh5hobOUR4","https://www.youtube.com/watch?v=ubh5hobOUR4","@lunacardsjapan","中国語 A1","台所用品の基本","食器と調理器具。基本レベル。"
"JA","ZH,KO,VI","JA__Japanese","JA__ZH,KO,VI__Japanese_to_ZH-KO-VI","/Users/lali/Documents/LUNA2/outputs/design-prototypes/youtube-thumbnail-home_kitchen_cookware_pilot_01-ordinary-target-language-large-pair-folders-20260704/by-support/JA__Japanese/JA__ZH,KO,VI__Japanese_to_ZH-KO-VI/youtube_thumbnail.jpg","liqpMXSX6ig","https://www.youtube.com/watch?v=liqpMXSX6ig","","ZH,KO,VI A1","台所用品の基本","食器と調理器具。基本レベル。"
"KM","AZ","KM__Khmer","KM__AZ__Khmer_to_Azerbaijani","/Users/lali/Documents/LUNA2/outputs/design-prototypes/youtube-thumbnail-home_kitchen_cookware_pilot_01-ordinary-target-language-large-pair-folders-20260704/by-support/KM__Khmer/KM__AZ__Khmer_to_Azerbaijani/youtube_thumbnail.jpg","hxD6abPD6nw","https://www.youtube.com/watch?v=hxD6abPD6nw","@lunacardskhmer","អាស៊ែបៃហ្សង់ A1","សម្ភារៈផ្ទះបាយ","ចាននិងឧបករណ៍ផ្ទះបាយ។ កម្រិតមូលដ្ឋាន។"
"KM","BG","KM__Khmer","KM__BG__Khmer_to_Bulgarian","/Users/lali/Documents/LUNA2/outputs/design-prototypes/youtube-thumbnail-home_kitchen_cookware_pilot_01-ordinary-target-language-large-pair-folders-20260704/by-support/KM__Khmer/KM__BG__Khmer_to_Bulgarian/youtube_thumbnail.jpg","mWgE_4TgfXI","https://www.youtube.com/watch?v=mWgE_4TgfXI","@lunacardskhmer","ប៊ុលហ្ការី A1","សម្ភារៈផ្ទះបាយ","ចាននិងឧបករណ៍ផ្ទះបាយ។ កម្រិតមូលដ្ឋាន។"
"KM","BN","KM__Khmer","KM__BN__Khmer_to_Bangla","/Users/lali/Documents/LUNA2/outputs/design-prototypes/youtube-thumbnail-home_kitchen_cookware_pilot_01-ordinary-target-language-large-pair-folders-20260704/by-support/KM__Khmer/KM__BN__Khmer_to_Bangla/youtube_thumbnail.jpg","WdnpnUfw2EA","https://www.youtube.com/watch?v=WdnpnUfw2EA","@lunacardskhmer","បង់ក្លា A1","សម្ភារៈផ្ទះបាយ","ចាននិងឧបករណ៍ផ្ទះបាយ។ កម្រិតមូលដ្ឋាន។"
"KM","CS","KM__Khmer","KM__CS__Khmer_to_Czech","/Users/lali/Documents/LUNA2/outputs/design-prototypes/youtube-thumbnail-home_kitchen_cookware_pilot_01-ordinary-target-language-large-pair-folders-20260704/by-support/KM__Khmer/KM__CS__Khmer_to_Czech/youtube_thumbnail.jpg","edhNBt4DHbc","https://www.youtube.com/watch?v=edhNBt4DHbc","@lunacardskhmer","ឆែក A1","សម្ភារៈផ្ទះបាយ","ចាននិងឧបករណ៍ផ្ទះបាយ។ កម្រិតមូលដ្ឋាន។"
"KM","DA","KM__Khmer","KM__DA__Khmer_to_Danish","/Users/lali/Documents/LUNA2/outputs/design-prototypes/youtube-thumbnail-home_kitchen_cookware_pilot_01-ordinary-target-language-large-pair-folders-20260704/by-support/KM__Khmer/KM__DA__Khmer_to_Danish/youtube_thumbnail.jpg","UivF5QgklSU","https://www.youtube.com/watch?v=UivF5QgklSU","@lunacardskhmer","ដាណឺម៉ាក A1","សម្ភារៈផ្ទះបាយ","ចាននិងឧបករណ៍ផ្ទះបាយ។ កម្រិតមូលដ្ឋាន។"
"KM","DE","KM__Khmer","KM__DE__Khmer_to_German","/Users/lali/Documents/LUNA2/outputs/design-prototypes/youtube-thumbnail-home_kitchen_cookware_pilot_01-ordinary-target-language-large-pair-folders-20260704/by-support/KM__Khmer/KM__DE__Khmer_to_German/youtube_thumbnail.jpg","zDmOlGQNL7o","https://www.youtube.com/watch?v=zDmOlGQNL7o","@lunacardskhmer","អាល្លឺម៉ង់ A1","សម្ភារៈផ្ទះបាយ","ចាននិងឧបករណ៍ផ្ទះបាយ។ កម្រិតមូលដ្ឋាន។"
"KM","EN","KM__Khmer","KM__EN__Khmer_to_English","/Users/lali/Documents/LUNA2/outputs/design-prototypes/youtube-thumbnail-home_kitchen_cookware_pilot_01-ordinary-target-language-large-pair-folders-20260704/by-support/KM__Khmer/KM__EN__Khmer_to_English/youtube_thumbnail.jpg","ANoeDeLN-yI","https://www.youtube.com/watch?v=ANoeDeLN-yI","@lunacardskhmer","អង់គ្លេស A1","សម្ភារៈផ្ទះបាយ","ចាននិងឧបករណ៍ផ្ទះបាយ។ កម្រិតមូលដ្ឋាន។"
"KM","EN-GB","KM__Khmer","KM__EN-GB__Khmer_to_English-United-Kingdom","/Users/lali/Documents/LUNA2/outputs/design-prototypes/youtube-thumbnail-home_kitchen_cookware_pilot_01-ordinary-target-language-large-pair-folders-20260704/by-support/KM__Khmer/KM__EN-GB__Khmer_to_English-United-Kingdom/youtube_thumbnail.jpg","KEExNbehbMA","https://www.youtube.com/watch?v=KEExNbehbMA","@lunacardskhmer","អង់គ្លេស (ចក្រភព​អង់គ្លេស) A1","សម្ភារៈផ្ទះបាយ","ចាននិងឧបករណ៍ផ្ទះបាយ។ កម្រិតមូលដ្ឋាន។"
"KM","EN,ES,FR,DE","KM__Khmer","KM__EN,ES,FR,DE__Khmer_to_EN-ES-FR-DE","/Users/lali/Documents/LUNA2/outputs/design-prototypes/youtube-thumbnail-home_kitchen_cookware_pilot_01-ordinary-target-language-large-pair-folders-20260704/by-support/KM__Khmer/KM__EN,ES,FR,DE__Khmer_to_EN-ES-FR-DE/youtube_thumbnail.jpg","NCncHyx2DgI","https://www.youtube.com/watch?v=NCncHyx2DgI","","EN,ES,FR,DE A1","សម្ភារៈផ្ទះបាយ","ចាននិងឧបករណ៍ផ្ទះបាយ។ កម្រិតមូលដ្ឋាន។"
"KM","ES","KM__Khmer","KM__ES__Khmer_to_Spanish","/Users/lali/Documents/LUNA2/outputs/design-prototypes/youtube-thumbnail-home_kitchen_cookware_pilot_01-ordinary-target-language-large-pair-folders-20260704/by-support/KM__Khmer/KM__ES__Khmer_to_Spanish/youtube_thumbnail.jpg","wdotiiuEs4M","https://www.youtube.com/watch?v=wdotiiuEs4M","@lunacardskhmer","អេស្ប៉ាញ A1","សម្ភារៈផ្ទះបាយ","ចាននិងឧបករណ៍ផ្ទះបាយ។ កម្រិតមូលដ្ឋាន។"
"KM","ES-419","KM__Khmer","KM__ES-419__Khmer_to_Spanish-Latin-America","/Users/lali/Documents/LUNA2/outputs/design-prototypes/youtube-thumbnail-home_kitchen_cookware_pilot_01-ordinary-target-language-large-pair-folders-20260704/by-support/KM__Khmer/KM__ES-419__Khmer_to_Spanish-Latin-America/youtube_thumbnail.jpg","z-mipa2dZyQ","https://www.youtube.com/watch?v=z-mipa2dZyQ","@lunacardskhmer","អេស្ប៉ាញ (អាមេរិក​ឡាទីន) A1","សម្ភារៈផ្ទះបាយ","ចាននិងឧបករណ៍ផ្ទះបាយ។ កម្រិតមូលដ្ឋាន។"
"KM","ES,FR,IT,PT","KM__Khmer","KM__ES,FR,IT,PT__Khmer_to_ES-FR-IT-PT","/Users/lali/Documents/LUNA2/outputs/design-prototypes/youtube-thumbnail-home_kitchen_cookware_pilot_01-ordinary-target-language-large-pair-folders-20260704/by-support/KM__Khmer/KM__ES,FR,IT,PT__Khmer_to_ES-FR-IT-PT/youtube_thumbnail.jpg","idtCAcuS0aA","https://www.youtube.com/watch?v=idtCAcuS0aA","","ES,FR,IT,PT A1","សម្ភារៈផ្ទះបាយ","ចាននិងឧបករណ៍ផ្ទះបាយ។ កម្រិតមូលដ្ឋាន។"
"KM","ET","KM__Khmer","KM__ET__Khmer_to_Estonian","/Users/lali/Documents/LUNA2/outputs/design-prototypes/youtube-thumbnail-home_kitchen_cookware_pilot_01-ordinary-target-language-large-pair-folders-20260704/by-support/KM__Khmer/KM__ET__Khmer_to_Estonian/youtube_thumbnail.jpg","cl2laZ1N1dE","https://www.youtube.com/watch?v=cl2laZ1N1dE","@lunacardskhmer","អេស្តូនី A1","សម្ភារៈផ្ទះបាយ","ចាននិងឧបករណ៍ផ្ទះបាយ។ កម្រិតមូលដ្ឋាន។"
"KM","FI","KM__Khmer","KM__FI__Khmer_to_Finnish","/Users/lali/Documents/LUNA2/outputs/design-prototypes/youtube-thumbnail-home_kitchen_cookware_pilot_01-ordinary-target-language-large-pair-folders-20260704/by-support/KM__Khmer/KM__FI__Khmer_to_Finnish/youtube_thumbnail.jpg","_4laMq0ztPM","https://www.youtube.com/watch?v=_4laMq0ztPM","@lunacardskhmer","ហ្វាំងឡង់ A1","សម្ភារៈផ្ទះបាយ","ចាននិងឧបករណ៍ផ្ទះបាយ។ កម្រិតមូលដ្ឋាន។"
"KM","FR","KM__Khmer","KM__FR__Khmer_to_French","/Users/lali/Documents/LUNA2/outputs/design-prototypes/youtube-thumbnail-home_kitchen_cookware_pilot_01-ordinary-target-language-large-pair-folders-20260704/by-support/KM__Khmer/KM__FR__Khmer_to_French/youtube_thumbnail.jpg","fNSsC5_XvVI","https://www.youtube.com/watch?v=fNSsC5_XvVI","@lunacardskhmer","បារាំង A1","សម្ភារៈផ្ទះបាយ","ចាននិងឧបករណ៍ផ្ទះបាយ។ កម្រិតមូលដ្ឋាន។"
"KM","HI","KM__Khmer","KM__HI__Khmer_to_Hindi","/Users/lali/Documents/LUNA2/outputs/design-prototypes/youtube-thumbnail-home_kitchen_cookware_pilot_01-ordinary-target-language-large-pair-folders-20260704/by-support/KM__Khmer/KM__HI__Khmer_to_Hindi/youtube_thumbnail.jpg","knWw7_7atQA","https://www.youtube.com/watch?v=knWw7_7atQA","@lunacardskhmer","ហិណ្ឌី A1","សម្ភារៈផ្ទះបាយ","ចាននិងឧបករណ៍ផ្ទះបាយ។ កម្រិតមូលដ្ឋាន។"
"KM","HR","KM__Khmer","KM__HR__Khmer_to_Croatian","/Users/lali/Documents/LUNA2/outputs/design-prototypes/youtube-thumbnail-home_kitchen_cookware_pilot_01-ordinary-target-language-large-pair-folders-20260704/by-support/KM__Khmer/KM__HR__Khmer_to_Croatian/youtube_thumbnail.jpg","hnDyfSAlxuI","https://www.youtube.com/watch?v=hnDyfSAlxuI","@lunacardskhmer","ក្រូអាស៊ី A1","សម្ភារៈផ្ទះបាយ","ចាននិងឧបករណ៍ផ្ទះបាយ។ កម្រិតមូលដ្ឋាន។"
"KM","HU","KM__Khmer","KM__HU__Khmer_to_Hungarian","/Users/lali/Documents/LUNA2/outputs/design-prototypes/youtube-thumbnail-home_kitchen_cookware_pilot_01-ordinary-target-language-large-pair-folders-20260704/by-support/KM__Khmer/KM__HU__Khmer_to_Hungarian/youtube_thumbnail.jpg","ypH2ZNg-OEw","https://www.youtube.com/watch?v=ypH2ZNg-OEw","@lunacardskhmer","ហុងគ្រី A1","សម្ភារៈផ្ទះបាយ","ចាននិងឧបករណ៍ផ្ទះបាយ។ កម្រិតមូលដ្ឋាន។"
"KM","HY","KM__Khmer","KM__HY__Khmer_to_Armenian","/Users/lali/Documents/LUNA2/outputs/design-prototypes/youtube-thumbnail-home_kitchen_cookware_pilot_01-ordinary-target-language-large-pair-folders-20260704/by-support/KM__Khmer/KM__HY__Khmer_to_Armenian/youtube_thumbnail.jpg","JfLBzJ6sdHc","https://www.youtube.com/watch?v=JfLBzJ6sdHc","","អាមេនី A1","សម្ភារៈផ្ទះបាយ","ចាននិងឧបករណ៍ផ្ទះបាយ។ កម្រិតមូលដ្ឋាន។"
"KM","ID","KM__Khmer","KM__ID__Khmer_to_Indonesian","/Users/lali/Documents/LUNA2/outputs/design-prototypes/youtube-thumbnail-home_kitchen_cookware_pilot_01-ordinary-target-language-large-pair-folders-20260704/by-support/KM__Khmer/KM__ID__Khmer_to_Indonesian/youtube_thumbnail.jpg","_l_NQMpFvnA","https://www.youtube.com/watch?v=_l_NQMpFvnA","@lunacardskhmer","ឥណ្ឌូណេស៊ី A1","សម្ភារៈផ្ទះបាយ","ចាននិងឧបករណ៍ផ្ទះបាយ។ កម្រិតមូលដ្ឋាន។"
"KM","IS","KM__Khmer","KM__IS__Khmer_to_Icelandic","/Users/lali/Documents/LUNA2/outputs/design-prototypes/youtube-thumbnail-home_kitchen_cookware_pilot_01-ordinary-target-language-large-pair-folders-20260704/by-support/KM__Khmer/KM__IS__Khmer_to_Icelandic/youtube_thumbnail.jpg","ZW-9rK_mtvE","https://www.youtube.com/watch?v=ZW-9rK_mtvE","@lunacardskhmer","អ៊ីស្លង់ A1","សម្ភារៈផ្ទះបាយ","ចាននិងឧបករណ៍ផ្ទះបាយ។ កម្រិតមូលដ្ឋាន។"
"KM","IT","KM__Khmer","KM__IT__Khmer_to_Italian","/Users/lali/Documents/LUNA2/outputs/design-prototypes/youtube-thumbnail-home_kitchen_cookware_pilot_01-ordinary-target-language-large-pair-folders-20260704/by-support/KM__Khmer/KM__IT__Khmer_to_Italian/youtube_thumbnail.jpg","WK1hLx3Ut1o","https://www.youtube.com/watch?v=WK1hLx3Ut1o","@lunacardskhmer","អ៊ីតាលី A1","សម្ភារៈផ្ទះបាយ","ចាននិងឧបករណ៍ផ្ទះបាយ។ កម្រិតមូលដ្ឋាន។"
"KM","JA","KM__Khmer","KM__JA__Khmer_to_Japanese","/Users/lali/Documents/LUNA2/outputs/design-prototypes/youtube-thumbnail-home_kitchen_cookware_pilot_01-ordinary-target-language-large-pair-folders-20260704/by-support/KM__Khmer/KM__JA__Khmer_to_Japanese/youtube_thumbnail.jpg","rvRJchcu8oc","https://www.youtube.com/watch?v=rvRJchcu8oc","@lunacardskhmer","ជប៉ុន A1","សម្ភារៈផ្ទះបាយ","ចាននិងឧបករណ៍ផ្ទះបាយ។ កម្រិតមូលដ្ឋាន។"
"KM","KA","KM__Khmer","KM__KA__Khmer_to_Georgian","/Users/lali/Documents/LUNA2/outputs/design-prototypes/youtube-thumbnail-home_kitchen_cookware_pilot_01-ordinary-target-language-large-pair-folders-20260704/by-support/KM__Khmer/KM__KA__Khmer_to_Georgian/youtube_thumbnail.jpg","zOHkW2VgMWE","https://www.youtube.com/watch?v=zOHkW2VgMWE","@lunacardskhmer","ហ្សក​ហ្ស៊ី A1","សម្ភារៈផ្ទះបាយ","ចាននិងឧបករណ៍ផ្ទះបាយ។ កម្រិតមូលដ្ឋាន។"
"KM","KK","KM__Khmer","KM__KK__Khmer_to_Kazakh","/Users/lali/Documents/LUNA2/outputs/design-prototypes/youtube-thumbnail-home_kitchen_cookware_pilot_01-ordinary-target-language-large-pair-folders-20260704/by-support/KM__Khmer/KM__KK__Khmer_to_Kazakh/youtube_thumbnail.jpg","mZf5Bk5JqTE","https://www.youtube.com/watch?v=mZf5Bk5JqTE","","កាហ្សាក់ A1","សម្ភារៈផ្ទះបាយ","ចាននិងឧបករណ៍ផ្ទះបាយ។ កម្រិតមូលដ្ឋាន។"
"KM","KN","KM__Khmer","KM__KN__Khmer_to_Kannada","/Users/lali/Documents/LUNA2/outputs/design-prototypes/youtube-thumbnail-home_kitchen_cookware_pilot_01-ordinary-target-language-large-pair-folders-20260704/by-support/KM__Khmer/KM__KN__Khmer_to_Kannada/youtube_thumbnail.jpg","1iyzCccEURE","https://www.youtube.com/watch?v=1iyzCccEURE","","ខាណាដា A1","សម្ភារៈផ្ទះបាយ","ចាននិងឧបករណ៍ផ្ទះបាយ។ កម្រិតមូលដ្ឋាន។"
"KM","KO","KM__Khmer","KM__KO__Khmer_to_Korean","/Users/lali/Documents/LUNA2/outputs/design-prototypes/youtube-thumbnail-home_kitchen_cookware_pilot_01-ordinary-target-language-large-pair-folders-20260704/by-support/KM__Khmer/KM__KO__Khmer_to_Korean/youtube_thumbnail.jpg","3if_5tBnmL4","https://www.youtube.com/watch?v=3if_5tBnmL4","@lunacardskhmer","កូរ៉េ A1","សម្ភារៈផ្ទះបាយ","ចាននិងឧបករណ៍ផ្ទះបាយ។ កម្រិតមូលដ្ឋាន។"
"KM","LO","KM__Khmer","KM__LO__Khmer_to_Lao","/Users/lali/Documents/LUNA2/outputs/design-prototypes/youtube-thumbnail-home_kitchen_cookware_pilot_01-ordinary-target-language-large-pair-folders-20260704/by-support/KM__Khmer/KM__LO__Khmer_to_Lao/youtube_thumbnail.jpg","qguBwTGscho","https://www.youtube.com/watch?v=qguBwTGscho","@lunacardskhmer","ឡាវ A1","សម្ភារៈផ្ទះបាយ","ចាននិងឧបករណ៍ផ្ទះបាយ។ កម្រិតមូលដ្ឋាន។"
"KM","LT","KM__Khmer","KM__LT__Khmer_to_Lithuanian","/Users/lali/Documents/LUNA2/outputs/design-prototypes/youtube-thumbnail-home_kitchen_cookware_pilot_01-ordinary-target-language-large-pair-folders-20260704/by-support/KM__Khmer/KM__LT__Khmer_to_Lithuanian/youtube_thumbnail.jpg","ZGCd2FyTuHY","https://www.youtube.com/watch?v=ZGCd2FyTuHY","@lunacardskhmer","លីទុយអានី A1","សម្ភារៈផ្ទះបាយ","ចាននិងឧបករណ៍ផ្ទះបាយ។ កម្រិតមូលដ្ឋាន។"
"KM","LV","KM__Khmer","KM__LV__Khmer_to_Latvian","/Users/lali/Documents/LUNA2/outputs/design-prototypes/youtube-thumbnail-home_kitchen_cookware_pilot_01-ordinary-target-language-large-pair-folders-20260704/by-support/KM__Khmer/KM__LV__Khmer_to_Latvian/youtube_thumbnail.jpg","7-vvLZSMF1A","https://www.youtube.com/watch?v=7-vvLZSMF1A","@lunacardskhmer","ឡាតវី A1","សម្ភារៈផ្ទះបាយ","ចាននិងឧបករណ៍ផ្ទះបាយ។ កម្រិតមូលដ្ឋាន។"
"KM","ML","KM__Khmer","KM__ML__Khmer_to_Malayalam","/Users/lali/Documents/LUNA2/outputs/design-prototypes/youtube-thumbnail-home_kitchen_cookware_pilot_01-ordinary-target-language-large-pair-folders-20260704/by-support/KM__Khmer/KM__ML__Khmer_to_Malayalam/youtube_thumbnail.jpg","mDgvBrv_Aw4","https://www.youtube.com/watch?v=mDgvBrv_Aw4","@lunacardskhmer","ម៉ាឡាយ៉ាឡាម A1","សម្ភារៈផ្ទះបាយ","ចាននិងឧបករណ៍ផ្ទះបាយ។ កម្រិតមូលដ្ឋាន។"
"KM","MS","KM__Khmer","KM__MS__Khmer_to_Malay","/Users/lali/Documents/LUNA2/outputs/design-prototypes/youtube-thumbnail-home_kitchen_cookware_pilot_01-ordinary-target-language-large-pair-folders-20260704/by-support/KM__Khmer/KM__MS__Khmer_to_Malay/youtube_thumbnail.jpg","RmcOQrpzwf0","https://www.youtube.com/watch?v=RmcOQrpzwf0","@lunacardskhmer","ម៉ាឡេ A1","សម្ភារៈផ្ទះបាយ","ចាននិងឧបករណ៍ផ្ទះបាយ។ កម្រិតមូលដ្ឋាន។"
"KM","MY","KM__Khmer","KM__MY__Khmer_to_Burmese","/Users/lali/Documents/LUNA2/outputs/design-prototypes/youtube-thumbnail-home_kitchen_cookware_pilot_01-ordinary-target-language-large-pair-folders-20260704/by-support/KM__Khmer/KM__MY__Khmer_to_Burmese/youtube_thumbnail.jpg","uvvDDsKzmUw","https://www.youtube.com/watch?v=uvvDDsKzmUw","@lunacardskhmer","ភូមា A1","សម្ភារៈផ្ទះបាយ","ចាននិងឧបករណ៍ផ្ទះបាយ។ កម្រិតមូលដ្ឋាន។"
"KM","NB","KM__Khmer","KM__NB__Khmer_to_Norwegian-Bokmal","/Users/lali/Documents/LUNA2/outputs/design-prototypes/youtube-thumbnail-home_kitchen_cookware_pilot_01-ordinary-target-language-large-pair-folders-20260704/by-support/KM__Khmer/KM__NB__Khmer_to_Norwegian-Bokmal/youtube_thumbnail.jpg","l6EW83aGn1Q","https://www.youtube.com/watch?v=l6EW83aGn1Q","@lunacardskhmer","ន័រវែស បុកម៉ាល់ A1","សម្ភារៈផ្ទះបាយ","ចាននិងឧបករណ៍ផ្ទះបាយ។ កម្រិតមូលដ្ឋាន។"
"KM","NE","KM__Khmer","KM__NE__Khmer_to_Nepali","/Users/lali/Documents/LUNA2/outputs/design-prototypes/youtube-thumbnail-home_kitchen_cookware_pilot_01-ordinary-target-language-large-pair-folders-20260704/by-support/KM__Khmer/KM__NE__Khmer_to_Nepali/youtube_thumbnail.jpg","ILacQdh0cIM","https://www.youtube.com/watch?v=ILacQdh0cIM","@lunacardskhmer","នេប៉ាល់ A1","សម្ភារៈផ្ទះបាយ","ចាននិងឧបករណ៍ផ្ទះបាយ។ កម្រិតមូលដ្ឋាន។"
"KM","NL","KM__Khmer","KM__NL__Khmer_to_Dutch","/Users/lali/Documents/LUNA2/outputs/design-prototypes/youtube-thumbnail-home_kitchen_cookware_pilot_01-ordinary-target-language-large-pair-folders-20260704/by-support/KM__Khmer/KM__NL__Khmer_to_Dutch/youtube_thumbnail.jpg","leUSmFzWXYo","https://www.youtube.com/watch?v=leUSmFzWXYo","@lunacardskhmer","ហូឡង់ A1","សម្ភារៈផ្ទះបាយ","ចាននិងឧបករណ៍ផ្ទះបាយ។ កម្រិតមូលដ្ឋាន។"
"KM","NO","KM__Khmer","KM__NO__Khmer_to_Norwegian-Bokmal","/Users/lali/Documents/LUNA2/outputs/design-prototypes/youtube-thumbnail-home_kitchen_cookware_pilot_01-ordinary-target-language-large-pair-folders-20260704/by-support/KM__Khmer/KM__NO__Khmer_to_Norwegian-Bokmal/youtube_thumbnail.jpg","l6EW83aGn1Q","https://www.youtube.com/watch?v=l6EW83aGn1Q","","ន័រវែស បុកម៉ាល់ A1","សម្ភារៈផ្ទះបាយ","ចាននិងឧបករណ៍ផ្ទះបាយ។ កម្រិតមូលដ្ឋាន។"
"KM","PL","KM__Khmer","KM__PL__Khmer_to_Polish","/Users/lali/Documents/LUNA2/outputs/design-prototypes/youtube-thumbnail-home_kitchen_cookware_pilot_01-ordinary-target-language-large-pair-folders-20260704/by-support/KM__Khmer/KM__PL__Khmer_to_Polish/youtube_thumbnail.jpg","xTXEx3WP174","https://www.youtube.com/watch?v=xTXEx3WP174","@lunacardskhmer","ប៉ូឡូញ A1","សម្ភារៈផ្ទះបាយ","ចាននិងឧបករណ៍ផ្ទះបាយ។ កម្រិតមូលដ្ឋាន។"
"KM","PT","KM__Khmer","KM__PT__Khmer_to_Portuguese","/Users/lali/Documents/LUNA2/outputs/design-prototypes/youtube-thumbnail-home_kitchen_cookware_pilot_01-ordinary-target-language-large-pair-folders-20260704/by-support/KM__Khmer/KM__PT__Khmer_to_Portuguese/youtube_thumbnail.jpg","Gh1byy6XC-E","https://www.youtube.com/watch?v=Gh1byy6XC-E","@lunacardskhmer","ព័រទុយហ្គាល់ A1","សម្ភារៈផ្ទះបាយ","ចាននិងឧបករណ៍ផ្ទះបាយ។ កម្រិតមូលដ្ឋាន។"
"KM","PT-BR","KM__Khmer","KM__PT-BR__Khmer_to_Portuguese-Brazil","/Users/lali/Documents/LUNA2/outputs/design-prototypes/youtube-thumbnail-home_kitchen_cookware_pilot_01-ordinary-target-language-large-pair-folders-20260704/by-support/KM__Khmer/KM__PT-BR__Khmer_to_Portuguese-Brazil/youtube_thumbnail.jpg","AQ1iZtvAiRU","https://www.youtube.com/watch?v=AQ1iZtvAiRU","@lunacardskhmer","ព័រទុយហ្គាល់ (ប្រេស៊ីល) A1","សម្ភារៈផ្ទះបាយ","ចាននិងឧបករណ៍ផ្ទះបាយ។ កម្រិតមូលដ្ឋាន។"
"KM","RO","KM__Khmer","KM__RO__Khmer_to_Romanian","/Users/lali/Documents/LUNA2/outputs/design-prototypes/youtube-thumbnail-home_kitchen_cookware_pilot_01-ordinary-target-language-large-pair-folders-20260704/by-support/KM__Khmer/KM__RO__Khmer_to_Romanian/youtube_thumbnail.jpg","av90L5KHlIE","https://www.youtube.com/watch?v=av90L5KHlIE","@lunacardskhmer","រូម៉ានី A1","សម្ភារៈផ្ទះបាយ","ចាននិងឧបករណ៍ផ្ទះបាយ។ កម្រិតមូលដ្ឋាន។"
"KM","RU","KM__Khmer","KM__RU__Khmer_to_Russian","/Users/lali/Documents/LUNA2/outputs/design-prototypes/youtube-thumbnail-home_kitchen_cookware_pilot_01-ordinary-target-language-large-pair-folders-20260704/by-support/KM__Khmer/KM__RU__Khmer_to_Russian/youtube_thumbnail.jpg","Rc4VtGPnb4E","https://www.youtube.com/watch?v=Rc4VtGPnb4E","@lunacardskhmer","រុស្ស៊ី A1","សម្ភារៈផ្ទះបាយ","ចាននិងឧបករណ៍ផ្ទះបាយ។ កម្រិតមូលដ្ឋាន។"
"KM","RU,PL,CS,SK","KM__Khmer","KM__RU,PL,CS,SK__Khmer_to_RU-PL-CS-SK","/Users/lali/Documents/LUNA2/outputs/design-prototypes/youtube-thumbnail-home_kitchen_cookware_pilot_01-ordinary-target-language-large-pair-folders-20260704/by-support/KM__Khmer/KM__RU,PL,CS,SK__Khmer_to_RU-PL-CS-SK/youtube_thumbnail.jpg","7ExXady13TI","https://www.youtube.com/watch?v=7ExXady13TI","","RU,PL,CS,SK A1","សម្ភារៈផ្ទះបាយ","ចាននិងឧបករណ៍ផ្ទះបាយ។ កម្រិតមូលដ្ឋាន។"
"KM","SI","KM__Khmer","KM__SI__Khmer_to_Sinhala","/Users/lali/Documents/LUNA2/outputs/design-prototypes/youtube-thumbnail-home_kitchen_cookware_pilot_01-ordinary-target-language-large-pair-folders-20260704/by-support/KM__Khmer/KM__SI__Khmer_to_Sinhala/youtube_thumbnail.jpg","uiaZqFsk1BU","https://www.youtube.com/watch?v=uiaZqFsk1BU","@lunacardskhmer","ស្រីលង្កា A1","សម្ភារៈផ្ទះបាយ","ចាននិងឧបករណ៍ផ្ទះបាយ។ កម្រិតមូលដ្ឋាន។"
"KM","SK","KM__Khmer","KM__SK__Khmer_to_Slovak","/Users/lali/Documents/LUNA2/outputs/design-prototypes/youtube-thumbnail-home_kitchen_cookware_pilot_01-ordinary-target-language-large-pair-folders-20260704/by-support/KM__Khmer/KM__SK__Khmer_to_Slovak/youtube_thumbnail.jpg","AM8gIxdr8y4","https://www.youtube.com/watch?v=AM8gIxdr8y4","","ស្លូវ៉ាគី A1","សម្ភារៈផ្ទះបាយ","ចាននិងឧបករណ៍ផ្ទះបាយ។ កម្រិតមូលដ្ឋាន។"
"KM","SL","KM__Khmer","KM__SL__Khmer_to_Slovenian","/Users/lali/Documents/LUNA2/outputs/design-prototypes/youtube-thumbnail-home_kitchen_cookware_pilot_01-ordinary-target-language-large-pair-folders-20260704/by-support/KM__Khmer/KM__SL__Khmer_to_Slovenian/youtube_thumbnail.jpg","gbXDwC_MoAQ","https://www.youtube.com/watch?v=gbXDwC_MoAQ","","ស្លូវ៉ានី A1","សម្ភារៈផ្ទះបាយ","ចាននិងឧបករណ៍ផ្ទះបាយ។ កម្រិតមូលដ្ឋាន។"
"KM","SR","KM__Khmer","KM__SR__Khmer_to_Serbian-Latin","/Users/lali/Documents/LUNA2/outputs/design-prototypes/youtube-thumbnail-home_kitchen_cookware_pilot_01-ordinary-target-language-large-pair-folders-20260704/by-support/KM__Khmer/KM__SR__Khmer_to_Serbian-Latin/youtube_thumbnail.jpg","wM2bhw_bt_Q","https://www.youtube.com/watch?v=wM2bhw_bt_Q","","ស៊ែប (ឡាតាំង) A1","សម្ភារៈផ្ទះបាយ","ចាននិងឧបករណ៍ផ្ទះបាយ។ កម្រិតមូលដ្ឋាន។"
"KM","SV","KM__Khmer","KM__SV__Khmer_to_Swedish","/Users/lali/Documents/LUNA2/outputs/design-prototypes/youtube-thumbnail-home_kitchen_cookware_pilot_01-ordinary-target-language-large-pair-folders-20260704/by-support/KM__Khmer/KM__SV__Khmer_to_Swedish/youtube_thumbnail.jpg","YDr2t2kQyYM","https://www.youtube.com/watch?v=YDr2t2kQyYM","","ស៊ុយអែត A1","សម្ភារៈផ្ទះបាយ","ចាននិងឧបករណ៍ផ្ទះបាយ។ កម្រិតមូលដ្ឋាន។"
"KM","SW","KM__Khmer","KM__SW__Khmer_to_Swahili","/Users/lali/Documents/LUNA2/outputs/design-prototypes/youtube-thumbnail-home_kitchen_cookware_pilot_01-ordinary-target-language-large-pair-folders-20260704/by-support/KM__Khmer/KM__SW__Khmer_to_Swahili/youtube_thumbnail.jpg","eypuRHbuJ7s","https://www.youtube.com/watch?v=eypuRHbuJ7s","","ស្វាហ៊ីលី A1","សម្ភារៈផ្ទះបាយ","ចាននិងឧបករណ៍ផ្ទះបាយ។ កម្រិតមូលដ្ឋាន។"
"KM","TA","KM__Khmer","KM__TA__Khmer_to_Tamil","/Users/lali/Documents/LUNA2/outputs/design-prototypes/youtube-thumbnail-home_kitchen_cookware_pilot_01-ordinary-target-language-large-pair-folders-20260704/by-support/KM__Khmer/KM__TA__Khmer_to_Tamil/youtube_thumbnail.jpg","E0uJzuYgbFc","https://www.youtube.com/watch?v=E0uJzuYgbFc","","តាមីល A1","សម្ភារៈផ្ទះបាយ","ចាននិងឧបករណ៍ផ្ទះបាយ។ កម្រិតមូលដ្ឋាន។"
"KM","TE","KM__Khmer","KM__TE__Khmer_to_Telugu","/Users/lali/Documents/LUNA2/outputs/design-prototypes/youtube-thumbnail-home_kitchen_cookware_pilot_01-ordinary-target-language-large-pair-folders-20260704/by-support/KM__Khmer/KM__TE__Khmer_to_Telugu/youtube_thumbnail.jpg","s0-rLS0j2VI","https://www.youtube.com/watch?v=s0-rLS0j2VI","","តេលុគុ A1","សម្ភារៈផ្ទះបាយ","ចាននិងឧបករណ៍ផ្ទះបាយ។ កម្រិតមូលដ្ឋាន។"
"KM","TH","KM__Khmer","KM__TH__Khmer_to_Thai","/Users/lali/Documents/LUNA2/outputs/design-prototypes/youtube-thumbnail-home_kitchen_cookware_pilot_01-ordinary-target-language-large-pair-folders-20260704/by-support/KM__Khmer/KM__TH__Khmer_to_Thai/youtube_thumbnail.jpg","GOnCJEP73xQ","https://www.youtube.com/watch?v=GOnCJEP73xQ","@lunacardskhmer","ថៃ A1","សម្ភារៈផ្ទះបាយ","ចាននិងឧបករណ៍ផ្ទះបាយ។ កម្រិតមូលដ្ឋាន។"
"KM","TL","KM__Khmer","KM__TL__Khmer_to_Filipino","/Users/lali/Documents/LUNA2/outputs/design-prototypes/youtube-thumbnail-home_kitchen_cookware_pilot_01-ordinary-target-language-large-pair-folders-20260704/by-support/KM__Khmer/KM__TL__Khmer_to_Filipino/youtube_thumbnail.jpg","9tA-dSYEbx0","https://www.youtube.com/watch?v=9tA-dSYEbx0","","ហ្វ៊ីលីពីន A1","សម្ភារៈផ្ទះបាយ","ចាននិងឧបករណ៍ផ្ទះបាយ។ កម្រិតមូលដ្ឋាន។"
"KM","TR","KM__Khmer","KM__TR__Khmer_to_Turkish","/Users/lali/Documents/LUNA2/outputs/design-prototypes/youtube-thumbnail-home_kitchen_cookware_pilot_01-ordinary-target-language-large-pair-folders-20260704/by-support/KM__Khmer/KM__TR__Khmer_to_Turkish/youtube_thumbnail.jpg","BhBauaVWiBk","https://www.youtube.com/watch?v=BhBauaVWiBk","@lunacardskhmer","ទួរគី A1","សម្ភារៈផ្ទះបាយ","ចាននិងឧបករណ៍ផ្ទះបាយ។ កម្រិតមូលដ្ឋាន។"
"KM","UZ","KM__Khmer","KM__UZ__Khmer_to_Uzbek","/Users/lali/Documents/LUNA2/outputs/design-prototypes/youtube-thumbnail-home_kitchen_cookware_pilot_01-ordinary-target-language-large-pair-folders-20260704/by-support/KM__Khmer/KM__UZ__Khmer_to_Uzbek/youtube_thumbnail.jpg","4o0aoLOmUqw","https://www.youtube.com/watch?v=4o0aoLOmUqw","@lunacardskhmer","អ៊ូសបេគ A1","សម្ភារៈផ្ទះបាយ","ចាននិងឧបករណ៍ផ្ទះបាយ។ កម្រិតមូលដ្ឋាន។"
"KM","VI","KM__Khmer","KM__VI__Khmer_to_Vietnamese","/Users/lali/Documents/LUNA2/outputs/design-prototypes/youtube-thumbnail-home_kitchen_cookware_pilot_01-ordinary-target-language-large-pair-folders-20260704/by-support/KM__Khmer/KM__VI__Khmer_to_Vietnamese/youtube_thumbnail.jpg","uXDRm_oDrtU","https://www.youtube.com/watch?v=uXDRm_oDrtU","@lunacardskhmer","វៀតណាម A1","សម្ភារៈផ្ទះបាយ","ចាននិងឧបករណ៍ផ្ទះបាយ។ កម្រិតមូលដ្ឋាន។"
"KM","ZH","KM__Khmer","KM__ZH__Khmer_to_Chinese","/Users/lali/Documents/LUNA2/outputs/design-prototypes/youtube-thumbnail-home_kitchen_cookware_pilot_01-ordinary-target-language-large-pair-folders-20260704/by-support/KM__Khmer/KM__ZH__Khmer_to_Chinese/youtube_thumbnail.jpg","Z2ltNPEMheg","https://www.youtube.com/watch?v=Z2ltNPEMheg","@lunacardskhmer","ចិន A1","សម្ភារៈផ្ទះបាយ","ចាននិងឧបករណ៍ផ្ទះបាយ។ កម្រិតមូលដ្ឋាន។"
"KM","ZH,JA,KO","KM__Khmer","KM__ZH,JA,KO__Khmer_to_ZH-JA-KO","/Users/lali/Documents/LUNA2/outputs/design-prototypes/youtube-thumbnail-home_kitchen_cookware_pilot_01-ordinary-target-language-large-pair-folders-20260704/by-support/KM__Khmer/KM__ZH,JA,KO__Khmer_to_ZH-JA-KO/youtube_thumbnail.jpg","838Q8WWm9a8","https://www.youtube.com/watch?v=838Q8WWm9a8","","ZH,JA,KO A1","សម្ភារៈផ្ទះបាយ","ចាននិងឧបករណ៍ផ្ទះបាយ។ កម្រិតមូលដ្ឋាន។"
"MY","AZ","MY__Burmese","MY__AZ__Burmese_to_Azerbaijani","/Users/lali/Documents/LUNA2/outputs/design-prototypes/youtube-thumbnail-home_kitchen_cookware_pilot_01-ordinary-target-language-large-pair-folders-20260704/by-support/MY__Burmese/MY__AZ__Burmese_to_Azerbaijani/youtube_thumbnail.jpg","Zy5Uotv7shg","https://www.youtube.com/watch?v=Zy5Uotv7shg","@lunacardsburmese","အဇာဘိုင်ဂျန် A1","မီးဖိုချောင်သုံးပစ္စည်း","မီးဖိုချောင်သုံးပစ္စည်း။ အခြေခံအဆင့်။"
"MY","BG","MY__Burmese","MY__BG__Burmese_to_Bulgarian","/Users/lali/Documents/LUNA2/outputs/design-prototypes/youtube-thumbnail-home_kitchen_cookware_pilot_01-ordinary-target-language-large-pair-folders-20260704/by-support/MY__Burmese/MY__BG__Burmese_to_Bulgarian/youtube_thumbnail.jpg","0NRdTF1Dxk0","https://www.youtube.com/watch?v=0NRdTF1Dxk0","@lunacardsburmese","ဘူလ်ဂေးရီးယား A1","မီးဖိုချောင်သုံးပစ္စည်း","မီးဖိုချောင်သုံးပစ္စည်း။ အခြေခံအဆင့်။"
"MY","BN","MY__Burmese","MY__BN__Burmese_to_Bangla","/Users/lali/Documents/LUNA2/outputs/design-prototypes/youtube-thumbnail-home_kitchen_cookware_pilot_01-ordinary-target-language-large-pair-folders-20260704/by-support/MY__Burmese/MY__BN__Burmese_to_Bangla/youtube_thumbnail.jpg","VdRCDsvXYf8","https://www.youtube.com/watch?v=VdRCDsvXYf8","@lunacardsburmese","ဘင်္ဂါလီ A1","မီးဖိုချောင်သုံးပစ္စည်း","မီးဖိုချောင်သုံးပစ္စည်း။ အခြေခံအဆင့်။"
"MY","CS","MY__Burmese","MY__CS__Burmese_to_Czech","/Users/lali/Documents/LUNA2/outputs/design-prototypes/youtube-thumbnail-home_kitchen_cookware_pilot_01-ordinary-target-language-large-pair-folders-20260704/by-support/MY__Burmese/MY__CS__Burmese_to_Czech/youtube_thumbnail.jpg","9TpxgGBuhuI","https://www.youtube.com/watch?v=9TpxgGBuhuI","@lunacardsburmese","ချက် A1","မီးဖိုချောင်သုံးပစ္စည်း","မီးဖိုချောင်သုံးပစ္စည်း။ အခြေခံအဆင့်။"
"MY","DA","MY__Burmese","MY__DA__Burmese_to_Danish","/Users/lali/Documents/LUNA2/outputs/design-prototypes/youtube-thumbnail-home_kitchen_cookware_pilot_01-ordinary-target-language-large-pair-folders-20260704/by-support/MY__Burmese/MY__DA__Burmese_to_Danish/youtube_thumbnail.jpg","ddtLVOb5YGc","https://www.youtube.com/watch?v=ddtLVOb5YGc","@lunacardsburmese","ဒိန်းမတ် A1","မီးဖိုချောင်သုံးပစ္စည်း","မီးဖိုချောင်သုံးပစ္စည်း။ အခြေခံအဆင့်။"
"MY","DE","MY__Burmese","MY__DE__Burmese_to_German","/Users/lali/Documents/LUNA2/outputs/design-prototypes/youtube-thumbnail-home_kitchen_cookware_pilot_01-ordinary-target-language-large-pair-folders-20260704/by-support/MY__Burmese/MY__DE__Burmese_to_German/youtube_thumbnail.jpg","DavA87sbv64","https://www.youtube.com/watch?v=DavA87sbv64","@lunacardsburmese","ဂျာမန် A1","မီးဖိုချောင်သုံးပစ္စည်း","မီးဖိုချောင်သုံးပစ္စည်း။ အခြေခံအဆင့်။"
"MY","EN","MY__Burmese","MY__EN__Burmese_to_English","/Users/lali/Documents/LUNA2/outputs/design-prototypes/youtube-thumbnail-home_kitchen_cookware_pilot_01-ordinary-target-language-large-pair-folders-20260704/by-support/MY__Burmese/MY__EN__Burmese_to_English/youtube_thumbnail.jpg","ZcqApKe-Ka0","https://www.youtube.com/watch?v=ZcqApKe-Ka0","@lunacardsburmese","အင်္ဂလိပ် A1","မီးဖိုချောင်သုံးပစ္စည်း","မီးဖိုချောင်သုံးပစ္စည်း။ အခြေခံအဆင့်။"
"MY","EN-GB","MY__Burmese","MY__EN-GB__Burmese_to_English-United-Kingdom","/Users/lali/Documents/LUNA2/outputs/design-prototypes/youtube-thumbnail-home_kitchen_cookware_pilot_01-ordinary-target-language-large-pair-folders-20260704/by-support/MY__Burmese/MY__EN-GB__Burmese_to_English-United-Kingdom/youtube_thumbnail.jpg","87cWu6Z0EnM","https://www.youtube.com/watch?v=87cWu6Z0EnM","@lunacardsburmese","အင်္ဂလိပ် (ယူနိုက်တက်ကင်းဒမ်း) A1","မီးဖိုချောင်သုံးပစ္စည်း","မီးဖိုချောင်သုံးပစ္စည်း။ အခြေခံအဆင့်။"
"MY","EN,ES,FR,DE","MY__Burmese","MY__EN,ES,FR,DE__Burmese_to_EN-ES-FR-DE","/Users/lali/Documents/LUNA2/outputs/design-prototypes/youtube-thumbnail-home_kitchen_cookware_pilot_01-ordinary-target-language-large-pair-folders-20260704/by-support/MY__Burmese/MY__EN,ES,FR,DE__Burmese_to_EN-ES-FR-DE/youtube_thumbnail.jpg","M7kl3T-lzZk","https://www.youtube.com/watch?v=M7kl3T-lzZk","","EN,ES,FR,DE A1","မီးဖိုချောင်သုံးပစ္စည်း","မီးဖိုချောင်သုံးပစ္စည်း။ အခြေခံအဆင့်။"
"MY","ES","MY__Burmese","MY__ES__Burmese_to_Spanish","/Users/lali/Documents/LUNA2/outputs/design-prototypes/youtube-thumbnail-home_kitchen_cookware_pilot_01-ordinary-target-language-large-pair-folders-20260704/by-support/MY__Burmese/MY__ES__Burmese_to_Spanish/youtube_thumbnail.jpg","wNVuW91V0E0","https://www.youtube.com/watch?v=wNVuW91V0E0","@lunacardsburmese","စပိန် A1","မီးဖိုချောင်သုံးပစ္စည်း","မီးဖိုချောင်သုံးပစ္စည်း။ အခြေခံအဆင့်။"
"MY","ES-419","MY__Burmese","MY__ES-419__Burmese_to_Spanish-Latin-America","/Users/lali/Documents/LUNA2/outputs/design-prototypes/youtube-thumbnail-home_kitchen_cookware_pilot_01-ordinary-target-language-large-pair-folders-20260704/by-support/MY__Burmese/MY__ES-419__Burmese_to_Spanish-Latin-America/youtube_thumbnail.jpg","pKZ6BM1ESXU","https://www.youtube.com/watch?v=pKZ6BM1ESXU","@lunacardsburmese","စပိန် (လက်တင်အမေရိက) A1","မီးဖိုချောင်သုံးပစ္စည်း","မီးဖိုချောင်သုံးပစ္စည်း။ အခြေခံအဆင့်။"
"MY","ES,FR,IT,PT","MY__Burmese","MY__ES,FR,IT,PT__Burmese_to_ES-FR-IT-PT","/Users/lali/Documents/LUNA2/outputs/design-prototypes/youtube-thumbnail-home_kitchen_cookware_pilot_01-ordinary-target-language-large-pair-folders-20260704/by-support/MY__Burmese/MY__ES,FR,IT,PT__Burmese_to_ES-FR-IT-PT/youtube_thumbnail.jpg","Y9SVP1G3nmQ","https://www.youtube.com/watch?v=Y9SVP1G3nmQ","","ES,FR,IT,PT A1","မီးဖိုချောင်သုံးပစ္စည်း","မီးဖိုချောင်သုံးပစ္စည်း။ အခြေခံအဆင့်။"
"MY","ET","MY__Burmese","MY__ET__Burmese_to_Estonian","/Users/lali/Documents/LUNA2/outputs/design-prototypes/youtube-thumbnail-home_kitchen_cookware_pilot_01-ordinary-target-language-large-pair-folders-20260704/by-support/MY__Burmese/MY__ET__Burmese_to_Estonian/youtube_thumbnail.jpg","9SsOpvy_WnE","https://www.youtube.com/watch?v=9SsOpvy_WnE","@lunacardsburmese","အက်စ်တိုးနီးယား A1","မီးဖိုချောင်သုံးပစ္စည်း","မီးဖိုချောင်သုံးပစ္စည်း။ အခြေခံအဆင့်။"
"MY","FI","MY__Burmese","MY__FI__Burmese_to_Finnish","/Users/lali/Documents/LUNA2/outputs/design-prototypes/youtube-thumbnail-home_kitchen_cookware_pilot_01-ordinary-target-language-large-pair-folders-20260704/by-support/MY__Burmese/MY__FI__Burmese_to_Finnish/youtube_thumbnail.jpg","Igz8DId-aDQ","https://www.youtube.com/watch?v=Igz8DId-aDQ","@lunacardsburmese","ဖင်လန် A1","မီးဖိုချောင်သုံးပစ္စည်း","မီးဖိုချောင်သုံးပစ္စည်း။ အခြေခံအဆင့်။"
"MY","FR","MY__Burmese","MY__FR__Burmese_to_French","/Users/lali/Documents/LUNA2/outputs/design-prototypes/youtube-thumbnail-home_kitchen_cookware_pilot_01-ordinary-target-language-large-pair-folders-20260704/by-support/MY__Burmese/MY__FR__Burmese_to_French/youtube_thumbnail.jpg","o__B9NOtQLc","https://www.youtube.com/watch?v=o__B9NOtQLc","@lunacardsburmese","ပြင်သစ် A1","မီးဖိုချောင်သုံးပစ္စည်း","မီးဖိုချောင်သုံးပစ္စည်း။ အခြေခံအဆင့်။"
"MY","HI","MY__Burmese","MY__HI__Burmese_to_Hindi","/Users/lali/Documents/LUNA2/outputs/design-prototypes/youtube-thumbnail-home_kitchen_cookware_pilot_01-ordinary-target-language-large-pair-folders-20260704/by-support/MY__Burmese/MY__HI__Burmese_to_Hindi/youtube_thumbnail.jpg","mQ57wguL6Vs","https://www.youtube.com/watch?v=mQ57wguL6Vs","@lunacardsburmese","ဟိန္ဒီ A1","မီးဖိုချောင်သုံးပစ္စည်း","မီးဖိုချောင်သုံးပစ္စည်း။ အခြေခံအဆင့်။"
"MY","HR","MY__Burmese","MY__HR__Burmese_to_Croatian","/Users/lali/Documents/LUNA2/outputs/design-prototypes/youtube-thumbnail-home_kitchen_cookware_pilot_01-ordinary-target-language-large-pair-folders-20260704/by-support/MY__Burmese/MY__HR__Burmese_to_Croatian/youtube_thumbnail.jpg","dr7q-9Gb1mY","https://www.youtube.com/watch?v=dr7q-9Gb1mY","@lunacardsburmese","ခရိုအေးရှား A1","မီးဖိုချောင်သုံးပစ္စည်း","မီးဖိုချောင်သုံးပစ္စည်း။ အခြေခံအဆင့်။"
"MY","HU","MY__Burmese","MY__HU__Burmese_to_Hungarian","/Users/lali/Documents/LUNA2/outputs/design-prototypes/youtube-thumbnail-home_kitchen_cookware_pilot_01-ordinary-target-language-large-pair-folders-20260704/by-support/MY__Burmese/MY__HU__Burmese_to_Hungarian/youtube_thumbnail.jpg","uHjDQEeIQEM","https://www.youtube.com/watch?v=uHjDQEeIQEM","@lunacardsburmese","ဟန်ဂေရီ A1","မီးဖိုချောင်သုံးပစ္စည်း","မီးဖိုချောင်သုံးပစ္စည်း။ အခြေခံအဆင့်။"
"MY","HY","MY__Burmese","MY__HY__Burmese_to_Armenian","/Users/lali/Documents/LUNA2/outputs/design-prototypes/youtube-thumbnail-home_kitchen_cookware_pilot_01-ordinary-target-language-large-pair-folders-20260704/by-support/MY__Burmese/MY__HY__Burmese_to_Armenian/youtube_thumbnail.jpg","a5h-So15GgI","https://www.youtube.com/watch?v=a5h-So15GgI","","အာမေးနီးယား A1","မီးဖိုချောင်သုံးပစ္စည်း","မီးဖိုချောင်သုံးပစ္စည်း။ အခြေခံအဆင့်။"
"MY","ID","MY__Burmese","MY__ID__Burmese_to_Indonesian","/Users/lali/Documents/LUNA2/outputs/design-prototypes/youtube-thumbnail-home_kitchen_cookware_pilot_01-ordinary-target-language-large-pair-folders-20260704/by-support/MY__Burmese/MY__ID__Burmese_to_Indonesian/youtube_thumbnail.jpg","0JGbijNfms0","https://www.youtube.com/watch?v=0JGbijNfms0","@lunacardsburmese","အင်ဒိုနီးရှား A1","မီးဖိုချောင်သုံးပစ္စည်း","မီးဖိုချောင်သုံးပစ္စည်း။ အခြေခံအဆင့်။"
"MY","IS","MY__Burmese","MY__IS__Burmese_to_Icelandic","/Users/lali/Documents/LUNA2/outputs/design-prototypes/youtube-thumbnail-home_kitchen_cookware_pilot_01-ordinary-target-language-large-pair-folders-20260704/by-support/MY__Burmese/MY__IS__Burmese_to_Icelandic/youtube_thumbnail.jpg","_tbWoJ3qVjM","https://www.youtube.com/watch?v=_tbWoJ3qVjM","@lunacardsburmese","အိုက်စ်လန် A1","မီးဖိုချောင်သုံးပစ္စည်း","မီးဖိုချောင်သုံးပစ္စည်း။ အခြေခံအဆင့်။"
"MY","IT","MY__Burmese","MY__IT__Burmese_to_Italian","/Users/lali/Documents/LUNA2/outputs/design-prototypes/youtube-thumbnail-home_kitchen_cookware_pilot_01-ordinary-target-language-large-pair-folders-20260704/by-support/MY__Burmese/MY__IT__Burmese_to_Italian/youtube_thumbnail.jpg","FaWJvWyia7c","https://www.youtube.com/watch?v=FaWJvWyia7c","@lunacardsburmese","အီတလီ A1","မီးဖိုချောင်သုံးပစ္စည်း","မီးဖိုချောင်သုံးပစ္စည်း။ အခြေခံအဆင့်။"
"MY","JA","MY__Burmese","MY__JA__Burmese_to_Japanese","/Users/lali/Documents/LUNA2/outputs/design-prototypes/youtube-thumbnail-home_kitchen_cookware_pilot_01-ordinary-target-language-large-pair-folders-20260704/by-support/MY__Burmese/MY__JA__Burmese_to_Japanese/youtube_thumbnail.jpg","tgRF5x42VU8","https://www.youtube.com/watch?v=tgRF5x42VU8","@lunacardsburmese","ဂျပန် A1","မီးဖိုချောင်သုံးပစ္စည်း","မီးဖိုချောင်သုံးပစ္စည်း။ အခြေခံအဆင့်။"
"MY","KA","MY__Burmese","MY__KA__Burmese_to_Georgian","/Users/lali/Documents/LUNA2/outputs/design-prototypes/youtube-thumbnail-home_kitchen_cookware_pilot_01-ordinary-target-language-large-pair-folders-20260704/by-support/MY__Burmese/MY__KA__Burmese_to_Georgian/youtube_thumbnail.jpg","Y25RSnz263Y","https://www.youtube.com/watch?v=Y25RSnz263Y","@lunacardsburmese","ဂျော်ဂျီယာ A1","မီးဖိုချောင်သုံးပစ္စည်း","မီးဖိုချောင်သုံးပစ္စည်း။ အခြေခံအဆင့်။"
"MY","KK","MY__Burmese","MY__KK__Burmese_to_Kazakh","/Users/lali/Documents/LUNA2/outputs/design-prototypes/youtube-thumbnail-home_kitchen_cookware_pilot_01-ordinary-target-language-large-pair-folders-20260704/by-support/MY__Burmese/MY__KK__Burmese_to_Kazakh/youtube_thumbnail.jpg","dVG81wo8d-w","https://www.youtube.com/watch?v=dVG81wo8d-w","","ကာဇာချ A1","မီးဖိုချောင်သုံးပစ္စည်း","မီးဖိုချောင်သုံးပစ္စည်း။ အခြေခံအဆင့်။"
"MY","KM","MY__Burmese","MY__KM__Burmese_to_Khmer","/Users/lali/Documents/LUNA2/outputs/design-prototypes/youtube-thumbnail-home_kitchen_cookware_pilot_01-ordinary-target-language-large-pair-folders-20260704/by-support/MY__Burmese/MY__KM__Burmese_to_Khmer/youtube_thumbnail.jpg","JFsEaFn8vbY","https://www.youtube.com/watch?v=JFsEaFn8vbY","","ခမာ A1","မီးဖိုချောင်သုံးပစ္စည်း","မီးဖိုချောင်သုံးပစ္စည်း။ အခြေခံအဆင့်။"
"MY","KN","MY__Burmese","MY__KN__Burmese_to_Kannada","/Users/lali/Documents/LUNA2/outputs/design-prototypes/youtube-thumbnail-home_kitchen_cookware_pilot_01-ordinary-target-language-large-pair-folders-20260704/by-support/MY__Burmese/MY__KN__Burmese_to_Kannada/youtube_thumbnail.jpg","6BgH-6U9wSI","https://www.youtube.com/watch?v=6BgH-6U9wSI","@lunacardsburmese","ကန်နာဒါ A1","မီးဖိုချောင်သုံးပစ္စည်း","မီးဖိုချောင်သုံးပစ္စည်း။ အခြေခံအဆင့်။"
"MY","KO","MY__Burmese","MY__KO__Burmese_to_Korean","/Users/lali/Documents/LUNA2/outputs/design-prototypes/youtube-thumbnail-home_kitchen_cookware_pilot_01-ordinary-target-language-large-pair-folders-20260704/by-support/MY__Burmese/MY__KO__Burmese_to_Korean/youtube_thumbnail.jpg","yvaqm5Bl2Ec","https://www.youtube.com/watch?v=yvaqm5Bl2Ec","@lunacardsburmese","ကိုရီးယား A1","မီးဖိုချောင်သုံးပစ္စည်း","မီးဖိုချောင်သုံးပစ္စည်း။ အခြေခံအဆင့်။"
"MY","LO","MY__Burmese","MY__LO__Burmese_to_Lao","/Users/lali/Documents/LUNA2/outputs/design-prototypes/youtube-thumbnail-home_kitchen_cookware_pilot_01-ordinary-target-language-large-pair-folders-20260704/by-support/MY__Burmese/MY__LO__Burmese_to_Lao/youtube_thumbnail.jpg","5XgkL6XYUaY","https://www.youtube.com/watch?v=5XgkL6XYUaY","@lunacardsburmese","လာအို A1","မီးဖိုချောင်သုံးပစ္စည်း","မီးဖိုချောင်သုံးပစ္စည်း။ အခြေခံအဆင့်။"
"MY","LT","MY__Burmese","MY__LT__Burmese_to_Lithuanian","/Users/lali/Documents/LUNA2/outputs/design-prototypes/youtube-thumbnail-home_kitchen_cookware_pilot_01-ordinary-target-language-large-pair-folders-20260704/by-support/MY__Burmese/MY__LT__Burmese_to_Lithuanian/youtube_thumbnail.jpg","olhfI1M2zL8","https://www.youtube.com/watch?v=olhfI1M2zL8","@lunacardsburmese","လစ်သူဝေးနီးယား A1","မီးဖိုချောင်သုံးပစ္စည်း","မီးဖိုချောင်သုံးပစ္စည်း။ အခြေခံအဆင့်။"
"MY","LV","MY__Burmese","MY__LV__Burmese_to_Latvian","/Users/lali/Documents/LUNA2/outputs/design-prototypes/youtube-thumbnail-home_kitchen_cookware_pilot_01-ordinary-target-language-large-pair-folders-20260704/by-support/MY__Burmese/MY__LV__Burmese_to_Latvian/youtube_thumbnail.jpg","mWDqJ5b84ck","https://www.youtube.com/watch?v=mWDqJ5b84ck","@lunacardsburmese","လတ်ဗီးယား A1","မီးဖိုချောင်သုံးပစ္စည်း","မီးဖိုချောင်သုံးပစ္စည်း။ အခြေခံအဆင့်။"
"MY","ML","MY__Burmese","MY__ML__Burmese_to_Malayalam","/Users/lali/Documents/LUNA2/outputs/design-prototypes/youtube-thumbnail-home_kitchen_cookware_pilot_01-ordinary-target-language-large-pair-folders-20260704/by-support/MY__Burmese/MY__ML__Burmese_to_Malayalam/youtube_thumbnail.jpg","Pqhms34cpnA","https://www.youtube.com/watch?v=Pqhms34cpnA","@lunacardsburmese","မလေယာလမ် A1","မီးဖိုချောင်သုံးပစ္စည်း","မီးဖိုချောင်သုံးပစ္စည်း။ အခြေခံအဆင့်။"
"MY","MS","MY__Burmese","MY__MS__Burmese_to_Malay","/Users/lali/Documents/LUNA2/outputs/design-prototypes/youtube-thumbnail-home_kitchen_cookware_pilot_01-ordinary-target-language-large-pair-folders-20260704/by-support/MY__Burmese/MY__MS__Burmese_to_Malay/youtube_thumbnail.jpg","zs6kdG_rVVo","https://www.youtube.com/watch?v=zs6kdG_rVVo","@lunacardsburmese","မလေး A1","မီးဖိုချောင်သုံးပစ္စည်း","မီးဖိုချောင်သုံးပစ္စည်း။ အခြေခံအဆင့်။"
"MY","NB","MY__Burmese","MY__NB__Burmese_to_Norwegian-Bokmal","/Users/lali/Documents/LUNA2/outputs/design-prototypes/youtube-thumbnail-home_kitchen_cookware_pilot_01-ordinary-target-language-large-pair-folders-20260704/by-support/MY__Burmese/MY__NB__Burmese_to_Norwegian-Bokmal/youtube_thumbnail.jpg","spbJen4QMwo","https://www.youtube.com/watch?v=spbJen4QMwo","@lunacardsburmese","နော်ဝေ ဘွတ်ခ်မော်လ် A1","မီးဖိုချောင်သုံးပစ္စည်း","မီးဖိုချောင်သုံးပစ္စည်း။ အခြေခံအဆင့်။"
"MY","NE","MY__Burmese","MY__NE__Burmese_to_Nepali","/Users/lali/Documents/LUNA2/outputs/design-prototypes/youtube-thumbnail-home_kitchen_cookware_pilot_01-ordinary-target-language-large-pair-folders-20260704/by-support/MY__Burmese/MY__NE__Burmese_to_Nepali/youtube_thumbnail.jpg","gyg8FGq_l9k","https://www.youtube.com/watch?v=gyg8FGq_l9k","@lunacardsburmese","နီပေါ A1","မီးဖိုချောင်သုံးပစ္စည်း","မီးဖိုချောင်သုံးပစ္စည်း။ အခြေခံအဆင့်။"
"MY","NL","MY__Burmese","MY__NL__Burmese_to_Dutch","/Users/lali/Documents/LUNA2/outputs/design-prototypes/youtube-thumbnail-home_kitchen_cookware_pilot_01-ordinary-target-language-large-pair-folders-20260704/by-support/MY__Burmese/MY__NL__Burmese_to_Dutch/youtube_thumbnail.jpg","oFLRA5ENbgM","https://www.youtube.com/watch?v=oFLRA5ENbgM","@lunacardsburmese","ဒတ်ခ်ျ A1","မီးဖိုချောင်သုံးပစ္စည်း","မီးဖိုချောင်သုံးပစ္စည်း။ အခြေခံအဆင့်။"
"MY","NO","MY__Burmese","MY__NO__Burmese_to_Norwegian-Bokmal","/Users/lali/Documents/LUNA2/outputs/design-prototypes/youtube-thumbnail-home_kitchen_cookware_pilot_01-ordinary-target-language-large-pair-folders-20260704/by-support/MY__Burmese/MY__NO__Burmese_to_Norwegian-Bokmal/youtube_thumbnail.jpg","spbJen4QMwo","https://www.youtube.com/watch?v=spbJen4QMwo","","နော်ဝေ ဘွတ်ခ်မော်လ် A1","မီးဖိုချောင်သုံးပစ္စည်း","မီးဖိုချောင်သုံးပစ္စည်း။ အခြေခံအဆင့်။"
"MY","PL","MY__Burmese","MY__PL__Burmese_to_Polish","/Users/lali/Documents/LUNA2/outputs/design-prototypes/youtube-thumbnail-home_kitchen_cookware_pilot_01-ordinary-target-language-large-pair-folders-20260704/by-support/MY__Burmese/MY__PL__Burmese_to_Polish/youtube_thumbnail.jpg","JHCI4g6DOtY","https://www.youtube.com/watch?v=JHCI4g6DOtY","","ပိုလန် A1","မီးဖိုချောင်သုံးပစ္စည်း","မီးဖိုချောင်သုံးပစ္စည်း။ အခြေခံအဆင့်။"
"MY","PT","MY__Burmese","MY__PT__Burmese_to_Portuguese","/Users/lali/Documents/LUNA2/outputs/design-prototypes/youtube-thumbnail-home_kitchen_cookware_pilot_01-ordinary-target-language-large-pair-folders-20260704/by-support/MY__Burmese/MY__PT__Burmese_to_Portuguese/youtube_thumbnail.jpg","AKaTmPBDGrc","https://www.youtube.com/watch?v=AKaTmPBDGrc","@lunacardsburmese","ပေါ်တူဂီ A1","မီးဖိုချောင်သုံးပစ္စည်း","မီးဖိုချောင်သုံးပစ္စည်း။ အခြေခံအဆင့်။"
"MY","PT-BR","MY__Burmese","MY__PT-BR__Burmese_to_Portuguese-Brazil","/Users/lali/Documents/LUNA2/outputs/design-prototypes/youtube-thumbnail-home_kitchen_cookware_pilot_01-ordinary-target-language-large-pair-folders-20260704/by-support/MY__Burmese/MY__PT-BR__Burmese_to_Portuguese-Brazil/youtube_thumbnail.jpg","mWLtxr7vsF4","https://www.youtube.com/watch?v=mWLtxr7vsF4","","ပေါ်တူဂီ (ဘရာဇီး) A1","မီးဖိုချောင်သုံးပစ္စည်း","မီးဖိုချောင်သုံးပစ္စည်း။ အခြေခံအဆင့်။"
"MY","RO","MY__Burmese","MY__RO__Burmese_to_Romanian","/Users/lali/Documents/LUNA2/outputs/design-prototypes/youtube-thumbnail-home_kitchen_cookware_pilot_01-ordinary-target-language-large-pair-folders-20260704/by-support/MY__Burmese/MY__RO__Burmese_to_Romanian/youtube_thumbnail.jpg","meBl7hZpk8E","https://www.youtube.com/watch?v=meBl7hZpk8E","","ရိုမေနီယား A1","မီးဖိုချောင်သုံးပစ္စည်း","မီးဖိုချောင်သုံးပစ္စည်း။ အခြေခံအဆင့်။"
"MY","RU","MY__Burmese","MY__RU__Burmese_to_Russian","/Users/lali/Documents/LUNA2/outputs/design-prototypes/youtube-thumbnail-home_kitchen_cookware_pilot_01-ordinary-target-language-large-pair-folders-20260704/by-support/MY__Burmese/MY__RU__Burmese_to_Russian/youtube_thumbnail.jpg","uxJDu5Oy0_s","https://www.youtube.com/watch?v=uxJDu5Oy0_s","@lunacardsburmese","ရုရှ A1","မီးဖိုချောင်သုံးပစ္စည်း","မီးဖိုချောင်သုံးပစ္စည်း။ အခြေခံအဆင့်။"
"MY","RU,PL,CS,SK","MY__Burmese","MY__RU,PL,CS,SK__Burmese_to_RU-PL-CS-SK","/Users/lali/Documents/LUNA2/outputs/design-prototypes/youtube-thumbnail-home_kitchen_cookware_pilot_01-ordinary-target-language-large-pair-folders-20260704/by-support/MY__Burmese/MY__RU,PL,CS,SK__Burmese_to_RU-PL-CS-SK/youtube_thumbnail.jpg","NGyMlaMz-9k","https://www.youtube.com/watch?v=NGyMlaMz-9k","","RU,PL,CS,SK A1","မီးဖိုချောင်သုံးပစ္စည်း","မီးဖိုချောင်သုံးပစ္စည်း။ အခြေခံအဆင့်။"
"MY","SI","MY__Burmese","MY__SI__Burmese_to_Sinhala","/Users/lali/Documents/LUNA2/outputs/design-prototypes/youtube-thumbnail-home_kitchen_cookware_pilot_01-ordinary-target-language-large-pair-folders-20260704/by-support/MY__Burmese/MY__SI__Burmese_to_Sinhala/youtube_thumbnail.jpg","xlggo61WicA","https://www.youtube.com/watch?v=xlggo61WicA","","စင်ဟာလာ A1","မီးဖိုချောင်သုံးပစ္စည်း","မီးဖိုချောင်သုံးပစ္စည်း။ အခြေခံအဆင့်။"
"MY","SK","MY__Burmese","MY__SK__Burmese_to_Slovak","/Users/lali/Documents/LUNA2/outputs/design-prototypes/youtube-thumbnail-home_kitchen_cookware_pilot_01-ordinary-target-language-large-pair-folders-20260704/by-support/MY__Burmese/MY__SK__Burmese_to_Slovak/youtube_thumbnail.jpg","1eZs0A8Ncvs","https://www.youtube.com/watch?v=1eZs0A8Ncvs","","ဆလိုဗက် A1","မီးဖိုချောင်သုံးပစ္စည်း","မီးဖိုချောင်သုံးပစ္စည်း။ အခြေခံအဆင့်။"
"MY","SL","MY__Burmese","MY__SL__Burmese_to_Slovenian","/Users/lali/Documents/LUNA2/outputs/design-prototypes/youtube-thumbnail-home_kitchen_cookware_pilot_01-ordinary-target-language-large-pair-folders-20260704/by-support/MY__Burmese/MY__SL__Burmese_to_Slovenian/youtube_thumbnail.jpg","8E1U_hs0KQ0","https://www.youtube.com/watch?v=8E1U_hs0KQ0","","ဆလိုဗေးနီးယား A1","မီးဖိုချောင်သုံးပစ္စည်း","မီးဖိုချောင်သုံးပစ္စည်း။ အခြေခံအဆင့်။"
"MY","SR","MY__Burmese","MY__SR__Burmese_to_Serbian-Latin","/Users/lali/Documents/LUNA2/outputs/design-prototypes/youtube-thumbnail-home_kitchen_cookware_pilot_01-ordinary-target-language-large-pair-folders-20260704/by-support/MY__Burmese/MY__SR__Burmese_to_Serbian-Latin/youtube_thumbnail.jpg","wlfiRtgjchE","https://www.youtube.com/watch?v=wlfiRtgjchE","","ဆားဘီးယား (လက်တင်) A1","မီးဖိုချောင်သုံးပစ္စည်း","မီးဖိုချောင်သုံးပစ္စည်း။ အခြေခံအဆင့်။"
"MY","SV","MY__Burmese","MY__SV__Burmese_to_Swedish","/Users/lali/Documents/LUNA2/outputs/design-prototypes/youtube-thumbnail-home_kitchen_cookware_pilot_01-ordinary-target-language-large-pair-folders-20260704/by-support/MY__Burmese/MY__SV__Burmese_to_Swedish/youtube_thumbnail.jpg","4mspBitmTfs","https://www.youtube.com/watch?v=4mspBitmTfs","@lunacardsburmese","ဆွီဒင် A1","မီးဖိုချောင်သုံးပစ္စည်း","မီးဖိုချောင်သုံးပစ္စည်း။ အခြေခံအဆင့်။"
"MY","SW","MY__Burmese","MY__SW__Burmese_to_Swahili","/Users/lali/Documents/LUNA2/outputs/design-prototypes/youtube-thumbnail-home_kitchen_cookware_pilot_01-ordinary-target-language-large-pair-folders-20260704/by-support/MY__Burmese/MY__SW__Burmese_to_Swahili/youtube_thumbnail.jpg","S6Fhu_XbhnQ","https://www.youtube.com/watch?v=S6Fhu_XbhnQ","@lunacardsburmese","ဆွာဟီလီ A1","မီးဖိုချောင်သုံးပစ္စည်း","မီးဖိုချောင်သုံးပစ္စည်း။ အခြေခံအဆင့်။"
"MY","TA","MY__Burmese","MY__TA__Burmese_to_Tamil","/Users/lali/Documents/LUNA2/outputs/design-prototypes/youtube-thumbnail-home_kitchen_cookware_pilot_01-ordinary-target-language-large-pair-folders-20260704/by-support/MY__Burmese/MY__TA__Burmese_to_Tamil/youtube_thumbnail.jpg","xBToM9P9jXA","https://www.youtube.com/watch?v=xBToM9P9jXA","@lunacardsburmese","တမီးလ် A1","မီးဖိုချောင်သုံးပစ္စည်း","မီးဖိုချောင်သုံးပစ္စည်း။ အခြေခံအဆင့်။"
"MY","ZH,JA,KO","MY__Burmese","MY__ZH,JA,KO__Burmese_to_ZH-JA-KO","/Users/lali/Documents/LUNA2/outputs/design-prototypes/youtube-thumbnail-home_kitchen_cookware_pilot_01-ordinary-target-language-large-pair-folders-20260704/by-support/MY__Burmese/MY__ZH,JA,KO__Burmese_to_ZH-JA-KO/youtube_thumbnail.jpg","1OKbKl88nx8","https://www.youtube.com/watch?v=1OKbKl88nx8","","ZH,JA,KO A1","မီးဖိုချောင်သုံးပစ္စည်း","မီးဖိုချောင်သုံးပစ္စည်း။ အခြေခံအဆင့်။"
"NE","AZ","NE__Nepali","NE__AZ__Nepali_to_Azerbaijani","/Users/lali/Documents/LUNA2/outputs/design-prototypes/youtube-thumbnail-home_kitchen_cookware_pilot_01-ordinary-target-language-large-pair-folders-20260704/by-support/NE__Nepali/NE__AZ__Nepali_to_Azerbaijani/youtube_thumbnail.jpg","3O4DmTfgpsY","https://www.youtube.com/watch?v=3O4DmTfgpsY","@lunacardsnepali","अजरबैजानी A1","भान्साका सामान","भाँडा र सामान। आधारभूत स्तर।"
"NE","BG","NE__Nepali","NE__BG__Nepali_to_Bulgarian","/Users/lali/Documents/LUNA2/outputs/design-prototypes/youtube-thumbnail-home_kitchen_cookware_pilot_01-ordinary-target-language-large-pair-folders-20260704/by-support/NE__Nepali/NE__BG__Nepali_to_Bulgarian/youtube_thumbnail.jpg","0cwwec-csIU","https://www.youtube.com/watch?v=0cwwec-csIU","@lunacardsnepali","बुल्गेरियाली A1","भान्साका सामान","भाँडा र सामान। आधारभूत स्तर।"
"NE","BN","NE__Nepali","NE__BN__Nepali_to_Bangla","/Users/lali/Documents/LUNA2/outputs/design-prototypes/youtube-thumbnail-home_kitchen_cookware_pilot_01-ordinary-target-language-large-pair-folders-20260704/by-support/NE__Nepali/NE__BN__Nepali_to_Bangla/youtube_thumbnail.jpg","7AkI0F9MjNE","https://www.youtube.com/watch?v=7AkI0F9MjNE","@lunacardsnepali","बंगाली A1","भान्साका सामान","भाँडा र सामान। आधारभूत स्तर।"
"NE","CS","NE__Nepali","NE__CS__Nepali_to_Czech","/Users/lali/Documents/LUNA2/outputs/design-prototypes/youtube-thumbnail-home_kitchen_cookware_pilot_01-ordinary-target-language-large-pair-folders-20260704/by-support/NE__Nepali/NE__CS__Nepali_to_Czech/youtube_thumbnail.jpg","5Ig65MSEkRo","https://www.youtube.com/watch?v=5Ig65MSEkRo","@lunacardsnepali","चेक A1","भान्साका सामान","भाँडा र सामान। आधारभूत स्तर।"
"NE","DA","NE__Nepali","NE__DA__Nepali_to_Danish","/Users/lali/Documents/LUNA2/outputs/design-prototypes/youtube-thumbnail-home_kitchen_cookware_pilot_01-ordinary-target-language-large-pair-folders-20260704/by-support/NE__Nepali/NE__DA__Nepali_to_Danish/youtube_thumbnail.jpg","vsajc7PbO4k","https://www.youtube.com/watch?v=vsajc7PbO4k","@lunacardsnepali","डेनिस A1","भान्साका सामान","भाँडा र सामान। आधारभूत स्तर।"
"NE","DE","NE__Nepali","NE__DE__Nepali_to_German","/Users/lali/Documents/LUNA2/outputs/design-prototypes/youtube-thumbnail-home_kitchen_cookware_pilot_01-ordinary-target-language-large-pair-folders-20260704/by-support/NE__Nepali/NE__DE__Nepali_to_German/youtube_thumbnail.jpg","RHEwM-kSGDc","https://www.youtube.com/watch?v=RHEwM-kSGDc","@lunacardsnepali","जर्मन A1","भान्साका सामान","भाँडा र सामान। आधारभूत स्तर।"
"NE","EN","NE__Nepali","NE__EN__Nepali_to_English","/Users/lali/Documents/LUNA2/outputs/design-prototypes/youtube-thumbnail-home_kitchen_cookware_pilot_01-ordinary-target-language-large-pair-folders-20260704/by-support/NE__Nepali/NE__EN__Nepali_to_English/youtube_thumbnail.jpg","Cfda72KUfxY","https://www.youtube.com/watch?v=Cfda72KUfxY","@lunacardsnepali","अङ्ग्रेजी A1","भान्साका सामान","भाँडा र सामान। आधारभूत स्तर।"
"NE","EN-GB","NE__Nepali","NE__EN-GB__Nepali_to_English-United-Kingdom","/Users/lali/Documents/LUNA2/outputs/design-prototypes/youtube-thumbnail-home_kitchen_cookware_pilot_01-ordinary-target-language-large-pair-folders-20260704/by-support/NE__Nepali/NE__EN-GB__Nepali_to_English-United-Kingdom/youtube_thumbnail.jpg","O69rNocUlv4","https://www.youtube.com/watch?v=O69rNocUlv4","@lunacardsnepali","अङ्ग्रेजी (संयुक्त अधिराज्य) A1","भान्साका सामान","भाँडा र सामान। आधारभूत स्तर।"
"NE","EN,ES,FR,DE","NE__Nepali","NE__EN,ES,FR,DE__Nepali_to_EN-ES-FR-DE","/Users/lali/Documents/LUNA2/outputs/design-prototypes/youtube-thumbnail-home_kitchen_cookware_pilot_01-ordinary-target-language-large-pair-folders-20260704/by-support/NE__Nepali/NE__EN,ES,FR,DE__Nepali_to_EN-ES-FR-DE/youtube_thumbnail.jpg","kdiwJhOtAGw","https://www.youtube.com/watch?v=kdiwJhOtAGw","","EN,ES,FR,DE A1","भान्साका सामान","भाँडा र सामान। आधारभूत स्तर।"
"NE","ES","NE__Nepali","NE__ES__Nepali_to_Spanish","/Users/lali/Documents/LUNA2/outputs/design-prototypes/youtube-thumbnail-home_kitchen_cookware_pilot_01-ordinary-target-language-large-pair-folders-20260704/by-support/NE__Nepali/NE__ES__Nepali_to_Spanish/youtube_thumbnail.jpg","t1wkmn4p7DI","https://www.youtube.com/watch?v=t1wkmn4p7DI","@lunacardsnepali","स्पेनी A1","भान्साका सामान","भाँडा र सामान। आधारभूत स्तर।"
"NE","ES-419","NE__Nepali","NE__ES-419__Nepali_to_Spanish-Latin-America","/Users/lali/Documents/LUNA2/outputs/design-prototypes/youtube-thumbnail-home_kitchen_cookware_pilot_01-ordinary-target-language-large-pair-folders-20260704/by-support/NE__Nepali/NE__ES-419__Nepali_to_Spanish-Latin-America/youtube_thumbnail.jpg","8-8w9whDs5w","https://www.youtube.com/watch?v=8-8w9whDs5w","@lunacardsnepali","स्पेनी (ल्याटिन अमेरिका) A1","भान्साका सामान","भाँडा र सामान। आधारभूत स्तर।"
"NE","ES,FR,IT,PT","NE__Nepali","NE__ES,FR,IT,PT__Nepali_to_ES-FR-IT-PT","/Users/lali/Documents/LUNA2/outputs/design-prototypes/youtube-thumbnail-home_kitchen_cookware_pilot_01-ordinary-target-language-large-pair-folders-20260704/by-support/NE__Nepali/NE__ES,FR,IT,PT__Nepali_to_ES-FR-IT-PT/youtube_thumbnail.jpg","WErZNzmBL40","https://www.youtube.com/watch?v=WErZNzmBL40","","ES,FR,IT,PT A1","भान्साका सामान","भाँडा र सामान। आधारभूत स्तर।"
"NE","ET","NE__Nepali","NE__ET__Nepali_to_Estonian","/Users/lali/Documents/LUNA2/outputs/design-prototypes/youtube-thumbnail-home_kitchen_cookware_pilot_01-ordinary-target-language-large-pair-folders-20260704/by-support/NE__Nepali/NE__ET__Nepali_to_Estonian/youtube_thumbnail.jpg","35OZnuQeLCU","https://www.youtube.com/watch?v=35OZnuQeLCU","@lunacardsnepali","इस्टोनियन A1","भान्साका सामान","भाँडा र सामान। आधारभूत स्तर।"
"NE","FI","NE__Nepali","NE__FI__Nepali_to_Finnish","/Users/lali/Documents/LUNA2/outputs/design-prototypes/youtube-thumbnail-home_kitchen_cookware_pilot_01-ordinary-target-language-large-pair-folders-20260704/by-support/NE__Nepali/NE__FI__Nepali_to_Finnish/youtube_thumbnail.jpg","bcFW2TLpkhM","https://www.youtube.com/watch?v=bcFW2TLpkhM","@lunacardsnepali","फिनिस A1","भान्साका सामान","भाँडा र सामान। आधारभूत स्तर।"
"NE","FR","NE__Nepali","NE__FR__Nepali_to_French","/Users/lali/Documents/LUNA2/outputs/design-prototypes/youtube-thumbnail-home_kitchen_cookware_pilot_01-ordinary-target-language-large-pair-folders-20260704/by-support/NE__Nepali/NE__FR__Nepali_to_French/youtube_thumbnail.jpg","8FT8c_1118k","https://www.youtube.com/watch?v=8FT8c_1118k","@lunacardsnepali","फ्रान्सेली A1","भान्साका सामान","भाँडा र सामान। आधारभूत स्तर।"
"NE","HI","NE__Nepali","NE__HI__Nepali_to_Hindi","/Users/lali/Documents/LUNA2/outputs/design-prototypes/youtube-thumbnail-home_kitchen_cookware_pilot_01-ordinary-target-language-large-pair-folders-20260704/by-support/NE__Nepali/NE__HI__Nepali_to_Hindi/youtube_thumbnail.jpg","bNB4Ieuk8Kg","https://www.youtube.com/watch?v=bNB4Ieuk8Kg","@lunacardsnepali","हिन्दी A1","भान्साका सामान","भाँडा र सामान। आधारभूत स्तर।"
"NE","HR","NE__Nepali","NE__HR__Nepali_to_Croatian","/Users/lali/Documents/LUNA2/outputs/design-prototypes/youtube-thumbnail-home_kitchen_cookware_pilot_01-ordinary-target-language-large-pair-folders-20260704/by-support/NE__Nepali/NE__HR__Nepali_to_Croatian/youtube_thumbnail.jpg","KZZUfPWn2ho","https://www.youtube.com/watch?v=KZZUfPWn2ho","@lunacardsnepali","क्रोयसियाली A1","भान्साका सामान","भाँडा र सामान। आधारभूत स्तर।"
"NE","HU","NE__Nepali","NE__HU__Nepali_to_Hungarian","/Users/lali/Documents/LUNA2/outputs/design-prototypes/youtube-thumbnail-home_kitchen_cookware_pilot_01-ordinary-target-language-large-pair-folders-20260704/by-support/NE__Nepali/NE__HU__Nepali_to_Hungarian/youtube_thumbnail.jpg","R6QJCHTz61Q","https://www.youtube.com/watch?v=R6QJCHTz61Q","@lunacardsnepali","हङ्गेरियाली A1","भान्साका सामान","भाँडा र सामान। आधारभूत स्तर।"
"NE","HY","NE__Nepali","NE__HY__Nepali_to_Armenian","/Users/lali/Documents/LUNA2/outputs/design-prototypes/youtube-thumbnail-home_kitchen_cookware_pilot_01-ordinary-target-language-large-pair-folders-20260704/by-support/NE__Nepali/NE__HY__Nepali_to_Armenian/youtube_thumbnail.jpg","wkOEZebvAQc","https://www.youtube.com/watch?v=wkOEZebvAQc","","आर्मेनियाली A1","भान्साका सामान","भाँडा र सामान। आधारभूत स्तर।"
"NE","ID","NE__Nepali","NE__ID__Nepali_to_Indonesian","/Users/lali/Documents/LUNA2/outputs/design-prototypes/youtube-thumbnail-home_kitchen_cookware_pilot_01-ordinary-target-language-large-pair-folders-20260704/by-support/NE__Nepali/NE__ID__Nepali_to_Indonesian/youtube_thumbnail.jpg","mUgWKZHfmlw","https://www.youtube.com/watch?v=mUgWKZHfmlw","@lunacardsnepali","इन्डोनेसियाली A1","भान्साका सामान","भाँडा र सामान। आधारभूत स्तर।"
"NE","IS","NE__Nepali","NE__IS__Nepali_to_Icelandic","/Users/lali/Documents/LUNA2/outputs/design-prototypes/youtube-thumbnail-home_kitchen_cookware_pilot_01-ordinary-target-language-large-pair-folders-20260704/by-support/NE__Nepali/NE__IS__Nepali_to_Icelandic/youtube_thumbnail.jpg","QX5F7aaopbI","https://www.youtube.com/watch?v=QX5F7aaopbI","@lunacardsnepali","आइसल्यान्डियाली A1","भान्साका सामान","भाँडा र सामान। आधारभूत स्तर।"
"NE","IT","NE__Nepali","NE__IT__Nepali_to_Italian","/Users/lali/Documents/LUNA2/outputs/design-prototypes/youtube-thumbnail-home_kitchen_cookware_pilot_01-ordinary-target-language-large-pair-folders-20260704/by-support/NE__Nepali/NE__IT__Nepali_to_Italian/youtube_thumbnail.jpg","q_AuXTRLcok","https://www.youtube.com/watch?v=q_AuXTRLcok","@lunacardsnepali","इटालेली A1","भान्साका सामान","भाँडा र सामान। आधारभूत स्तर।"
"NE","JA","NE__Nepali","NE__JA__Nepali_to_Japanese","/Users/lali/Documents/LUNA2/outputs/design-prototypes/youtube-thumbnail-home_kitchen_cookware_pilot_01-ordinary-target-language-large-pair-folders-20260704/by-support/NE__Nepali/NE__JA__Nepali_to_Japanese/youtube_thumbnail.jpg","UEUTBszdHNU","https://www.youtube.com/watch?v=UEUTBszdHNU","@lunacardsnepali","जापानी A1","भान्साका सामान","भाँडा र सामान। आधारभूत स्तर।"
"NE","KA","NE__Nepali","NE__KA__Nepali_to_Georgian","/Users/lali/Documents/LUNA2/outputs/design-prototypes/youtube-thumbnail-home_kitchen_cookware_pilot_01-ordinary-target-language-large-pair-folders-20260704/by-support/NE__Nepali/NE__KA__Nepali_to_Georgian/youtube_thumbnail.jpg","mRxep4m3GIw","https://www.youtube.com/watch?v=mRxep4m3GIw","@lunacardsnepali","जर्जियाली A1","भान्साका सामान","भाँडा र सामान। आधारभूत स्तर।"
"NE","KK","NE__Nepali","NE__KK__Nepali_to_Kazakh","/Users/lali/Documents/LUNA2/outputs/design-prototypes/youtube-thumbnail-home_kitchen_cookware_pilot_01-ordinary-target-language-large-pair-folders-20260704/by-support/NE__Nepali/NE__KK__Nepali_to_Kazakh/youtube_thumbnail.jpg","ctsMkhJaAWc","https://www.youtube.com/watch?v=ctsMkhJaAWc","@lunacardsnepali","काजाख A1","भान्साका सामान","भाँडा र सामान। आधारभूत स्तर।"
"NE","KM","NE__Nepali","NE__KM__Nepali_to_Khmer","/Users/lali/Documents/LUNA2/outputs/design-prototypes/youtube-thumbnail-home_kitchen_cookware_pilot_01-ordinary-target-language-large-pair-folders-20260704/by-support/NE__Nepali/NE__KM__Nepali_to_Khmer/youtube_thumbnail.jpg","k-EOt6-QUFQ","https://www.youtube.com/watch?v=k-EOt6-QUFQ","@lunacardsnepali","खमेर A1","भान्साका सामान","भाँडा र सामान। आधारभूत स्तर।"
"NE","KN","NE__Nepali","NE__KN__Nepali_to_Kannada","/Users/lali/Documents/LUNA2/outputs/design-prototypes/youtube-thumbnail-home_kitchen_cookware_pilot_01-ordinary-target-language-large-pair-folders-20260704/by-support/NE__Nepali/NE__KN__Nepali_to_Kannada/youtube_thumbnail.jpg","rZHco3ncozc","https://www.youtube.com/watch?v=rZHco3ncozc","@lunacardsnepali","कन्नाडा A1","भान्साका सामान","भाँडा र सामान। आधारभूत स्तर।"
"NE","KO","NE__Nepali","NE__KO__Nepali_to_Korean","/Users/lali/Documents/LUNA2/outputs/design-prototypes/youtube-thumbnail-home_kitchen_cookware_pilot_01-ordinary-target-language-large-pair-folders-20260704/by-support/NE__Nepali/NE__KO__Nepali_to_Korean/youtube_thumbnail.jpg","-o9EVFeiOx0","https://www.youtube.com/watch?v=-o9EVFeiOx0","@lunacardsnepali","कोरियाली A1","भान्साका सामान","भाँडा र सामान। आधारभूत स्तर।"
"NE","LO","NE__Nepali","NE__LO__Nepali_to_Lao","/Users/lali/Documents/LUNA2/outputs/design-prototypes/youtube-thumbnail-home_kitchen_cookware_pilot_01-ordinary-target-language-large-pair-folders-20260704/by-support/NE__Nepali/NE__LO__Nepali_to_Lao/youtube_thumbnail.jpg","Idb_st7xfhw","https://www.youtube.com/watch?v=Idb_st7xfhw","@lunacardsnepali","लाओ A1","भान्साका सामान","भाँडा र सामान। आधारभूत स्तर।"
"NE","LT","NE__Nepali","NE__LT__Nepali_to_Lithuanian","/Users/lali/Documents/LUNA2/outputs/design-prototypes/youtube-thumbnail-home_kitchen_cookware_pilot_01-ordinary-target-language-large-pair-folders-20260704/by-support/NE__Nepali/NE__LT__Nepali_to_Lithuanian/youtube_thumbnail.jpg","ihRHBIitm6w","https://www.youtube.com/watch?v=ihRHBIitm6w","","लिथुआनियाली A1","भान्साका सामान","भाँडा र सामान। आधारभूत स्तर।"
"NE","LV","NE__Nepali","NE__LV__Nepali_to_Latvian","/Users/lali/Documents/LUNA2/outputs/design-prototypes/youtube-thumbnail-home_kitchen_cookware_pilot_01-ordinary-target-language-large-pair-folders-20260704/by-support/NE__Nepali/NE__LV__Nepali_to_Latvian/youtube_thumbnail.jpg","62s2dhwGIVA","https://www.youtube.com/watch?v=62s2dhwGIVA","","लात्भियाली A1","भान्साका सामान","भाँडा र सामान। आधारभूत स्तर।"
"NE","ML","NE__Nepali","NE__ML__Nepali_to_Malayalam","/Users/lali/Documents/LUNA2/outputs/design-prototypes/youtube-thumbnail-home_kitchen_cookware_pilot_01-ordinary-target-language-large-pair-folders-20260704/by-support/NE__Nepali/NE__ML__Nepali_to_Malayalam/youtube_thumbnail.jpg","csz6PrXKx-4","https://www.youtube.com/watch?v=csz6PrXKx-4","@lunacardsnepali","मलयालम A1","भान्साका सामान","भाँडा र सामान। आधारभूत स्तर।"
"NE","MS","NE__Nepali","NE__MS__Nepali_to_Malay","/Users/lali/Documents/LUNA2/outputs/design-prototypes/youtube-thumbnail-home_kitchen_cookware_pilot_01-ordinary-target-language-large-pair-folders-20260704/by-support/NE__Nepali/NE__MS__Nepali_to_Malay/youtube_thumbnail.jpg","jriNR2pCXN0","https://www.youtube.com/watch?v=jriNR2pCXN0","@lunacardsnepali","मलाय A1","भान्साका सामान","भाँडा र सामान। आधारभूत स्तर।"
"NE","MY","NE__Nepali","NE__MY__Nepali_to_Burmese","/Users/lali/Documents/LUNA2/outputs/design-prototypes/youtube-thumbnail-home_kitchen_cookware_pilot_01-ordinary-target-language-large-pair-folders-20260704/by-support/NE__Nepali/NE__MY__Nepali_to_Burmese/youtube_thumbnail.jpg","TkT42hUei3Y","https://www.youtube.com/watch?v=TkT42hUei3Y","@lunacardsnepali","बर्मेली A1","भान्साका सामान","भाँडा र सामान। आधारभूत स्तर।"
"NE","NB","NE__Nepali","NE__NB__Nepali_to_Norwegian-Bokmal","/Users/lali/Documents/LUNA2/outputs/design-prototypes/youtube-thumbnail-home_kitchen_cookware_pilot_01-ordinary-target-language-large-pair-folders-20260704/by-support/NE__Nepali/NE__NB__Nepali_to_Norwegian-Bokmal/youtube_thumbnail.jpg","c0GBP1kNY9Y","https://www.youtube.com/watch?v=c0GBP1kNY9Y","@lunacardsnepali","नर्वेली बोकमाल A1","भान्साका सामान","भाँडा र सामान। आधारभूत स्तर।"
"NE","NL","NE__Nepali","NE__NL__Nepali_to_Dutch","/Users/lali/Documents/LUNA2/outputs/design-prototypes/youtube-thumbnail-home_kitchen_cookware_pilot_01-ordinary-target-language-large-pair-folders-20260704/by-support/NE__Nepali/NE__NL__Nepali_to_Dutch/youtube_thumbnail.jpg","jD8QsNKH-p4","https://www.youtube.com/watch?v=jD8QsNKH-p4","@lunacardsnepali","डच A1","भान्साका सामान","भाँडा र सामान। आधारभूत स्तर।"
"NE","NO","NE__Nepali","NE__NO__Nepali_to_Norwegian-Bokmal","/Users/lali/Documents/LUNA2/outputs/design-prototypes/youtube-thumbnail-home_kitchen_cookware_pilot_01-ordinary-target-language-large-pair-folders-20260704/by-support/NE__Nepali/NE__NO__Nepali_to_Norwegian-Bokmal/youtube_thumbnail.jpg","c0GBP1kNY9Y","https://www.youtube.com/watch?v=c0GBP1kNY9Y","","नर्वेली बोकमाल A1","भान्साका सामान","भाँडा र सामान। आधारभूत स्तर।"
"NE","PL","NE__Nepali","NE__PL__Nepali_to_Polish","/Users/lali/Documents/LUNA2/outputs/design-prototypes/youtube-thumbnail-home_kitchen_cookware_pilot_01-ordinary-target-language-large-pair-folders-20260704/by-support/NE__Nepali/NE__PL__Nepali_to_Polish/youtube_thumbnail.jpg","WSG9giDGo5M","https://www.youtube.com/watch?v=WSG9giDGo5M","@lunacardsnepali","पोलिस A1","भान्साका सामान","भाँडा र सामान। आधारभूत स्तर।"
"NE","PT","NE__Nepali","NE__PT__Nepali_to_Portuguese","/Users/lali/Documents/LUNA2/outputs/design-prototypes/youtube-thumbnail-home_kitchen_cookware_pilot_01-ordinary-target-language-large-pair-folders-20260704/by-support/NE__Nepali/NE__PT__Nepali_to_Portuguese/youtube_thumbnail.jpg","FWHjx5UbUKk","https://www.youtube.com/watch?v=FWHjx5UbUKk","@lunacardsnepali","पोर्तुगी A1","भान्साका सामान","भाँडा र सामान। आधारभूत स्तर।"
"NE","PT-BR","NE__Nepali","NE__PT-BR__Nepali_to_Portuguese-Brazil","/Users/lali/Documents/LUNA2/outputs/design-prototypes/youtube-thumbnail-home_kitchen_cookware_pilot_01-ordinary-target-language-large-pair-folders-20260704/by-support/NE__Nepali/NE__PT-BR__Nepali_to_Portuguese-Brazil/youtube_thumbnail.jpg","KpX4SVaZ9Uk","https://www.youtube.com/watch?v=KpX4SVaZ9Uk","@lunacardsnepali","पोर्तुगी (ब्राजिल) A1","भान्साका सामान","भाँडा र सामान। आधारभूत स्तर।"
"NE","RO","NE__Nepali","NE__RO__Nepali_to_Romanian","/Users/lali/Documents/LUNA2/outputs/design-prototypes/youtube-thumbnail-home_kitchen_cookware_pilot_01-ordinary-target-language-large-pair-folders-20260704/by-support/NE__Nepali/NE__RO__Nepali_to_Romanian/youtube_thumbnail.jpg","rsafTS_0YFU","https://www.youtube.com/watch?v=rsafTS_0YFU","@lunacardsnepali","रोमानियाली A1","भान्साका सामान","भाँडा र सामान। आधारभूत स्तर।"
"NE","RU","NE__Nepali","NE__RU__Nepali_to_Russian","/Users/lali/Documents/LUNA2/outputs/design-prototypes/youtube-thumbnail-home_kitchen_cookware_pilot_01-ordinary-target-language-large-pair-folders-20260704/by-support/NE__Nepali/NE__RU__Nepali_to_Russian/youtube_thumbnail.jpg","2pj0DnZ-ftc","https://www.youtube.com/watch?v=2pj0DnZ-ftc","@lunacardsnepali","रसियाली A1","भान्साका सामान","भाँडा र सामान। आधारभूत स्तर।"
"NE","RU,PL,CS,SK","NE__Nepali","NE__RU,PL,CS,SK__Nepali_to_RU-PL-CS-SK","/Users/lali/Documents/LUNA2/outputs/design-prototypes/youtube-thumbnail-home_kitchen_cookware_pilot_01-ordinary-target-language-large-pair-folders-20260704/by-support/NE__Nepali/NE__RU,PL,CS,SK__Nepali_to_RU-PL-CS-SK/youtube_thumbnail.jpg","v8Zs7XemD-E","https://www.youtube.com/watch?v=v8Zs7XemD-E","","RU,PL,CS,SK A1","भान्साका सामान","भाँडा र सामान। आधारभूत स्तर।"
"NE","SI","NE__Nepali","NE__SI__Nepali_to_Sinhala","/Users/lali/Documents/LUNA2/outputs/design-prototypes/youtube-thumbnail-home_kitchen_cookware_pilot_01-ordinary-target-language-large-pair-folders-20260704/by-support/NE__Nepali/NE__SI__Nepali_to_Sinhala/youtube_thumbnail.jpg","-MXp2DD4Dnw","https://www.youtube.com/watch?v=-MXp2DD4Dnw","@lunacardsnepali","सिन्हाली A1","भान्साका सामान","भाँडा र सामान। आधारभूत स्तर।"
"NE","SK","NE__Nepali","NE__SK__Nepali_to_Slovak","/Users/lali/Documents/LUNA2/outputs/design-prototypes/youtube-thumbnail-home_kitchen_cookware_pilot_01-ordinary-target-language-large-pair-folders-20260704/by-support/NE__Nepali/NE__SK__Nepali_to_Slovak/youtube_thumbnail.jpg","fvrRjop3w-0","https://www.youtube.com/watch?v=fvrRjop3w-0","@lunacardsnepali","स्लोभाकियाली A1","भान्साका सामान","भाँडा र सामान। आधारभूत स्तर।"
"NE","SL","NE__Nepali","NE__SL__Nepali_to_Slovenian","/Users/lali/Documents/LUNA2/outputs/design-prototypes/youtube-thumbnail-home_kitchen_cookware_pilot_01-ordinary-target-language-large-pair-folders-20260704/by-support/NE__Nepali/NE__SL__Nepali_to_Slovenian/youtube_thumbnail.jpg","XOMP295hBUk","https://www.youtube.com/watch?v=XOMP295hBUk","","स्लोभेनियाली A1","भान्साका सामान","भाँडा र सामान। आधारभूत स्तर।"
"NE","SR","NE__Nepali","NE__SR__Nepali_to_Serbian-Latin","/Users/lali/Documents/LUNA2/outputs/design-prototypes/youtube-thumbnail-home_kitchen_cookware_pilot_01-ordinary-target-language-large-pair-folders-20260704/by-support/NE__Nepali/NE__SR__Nepali_to_Serbian-Latin/youtube_thumbnail.jpg","Xbt-wKFM6d4","https://www.youtube.com/watch?v=Xbt-wKFM6d4","","सर्बियाली (ल्याटिन) A1","भान्साका सामान","भाँडा र सामान। आधारभूत स्तर।"
"NE","SV","NE__Nepali","NE__SV__Nepali_to_Swedish","/Users/lali/Documents/LUNA2/outputs/design-prototypes/youtube-thumbnail-home_kitchen_cookware_pilot_01-ordinary-target-language-large-pair-folders-20260704/by-support/NE__Nepali/NE__SV__Nepali_to_Swedish/youtube_thumbnail.jpg","JnzjTp20tfs","https://www.youtube.com/watch?v=JnzjTp20tfs","","स्विडिस A1","भान्साका सामान","भाँडा र सामान। आधारभूत स्तर।"
"NE","SW","NE__Nepali","NE__SW__Nepali_to_Swahili","/Users/lali/Documents/LUNA2/outputs/design-prototypes/youtube-thumbnail-home_kitchen_cookware_pilot_01-ordinary-target-language-large-pair-folders-20260704/by-support/NE__Nepali/NE__SW__Nepali_to_Swahili/youtube_thumbnail.jpg","BDmlLvWsbdg","https://www.youtube.com/watch?v=BDmlLvWsbdg","","स्वाहिली A1","भान्साका सामान","भाँडा र सामान। आधारभूत स्तर।"
"NE","TA","NE__Nepali","NE__TA__Nepali_to_Tamil","/Users/lali/Documents/LUNA2/outputs/design-prototypes/youtube-thumbnail-home_kitchen_cookware_pilot_01-ordinary-target-language-large-pair-folders-20260704/by-support/NE__Nepali/NE__TA__Nepali_to_Tamil/youtube_thumbnail.jpg","IeAwIluHH1E","https://www.youtube.com/watch?v=IeAwIluHH1E","","तामिल A1","भान्साका सामान","भाँडा र सामान। आधारभूत स्तर।"
"NE","ZH,JA,KO","NE__Nepali","NE__ZH,JA,KO__Nepali_to_ZH-JA-KO","/Users/lali/Documents/LUNA2/outputs/design-prototypes/youtube-thumbnail-home_kitchen_cookware_pilot_01-ordinary-target-language-large-pair-folders-20260704/by-support/NE__Nepali/NE__ZH,JA,KO__Nepali_to_ZH-JA-KO/youtube_thumbnail.jpg","egEGUAHkeMo","https://www.youtube.com/watch?v=egEGUAHkeMo","","ZH,JA,KO A1","भान्साका सामान","भाँडा र सामान। आधारभूत स्तर।"
"PT","AZ","PT__Portuguese","PT__AZ__Portuguese_to_Azerbaijani","/Users/lali/Documents/LUNA2/outputs/design-prototypes/youtube-thumbnail-home_kitchen_cookware_pilot_01-ordinary-target-language-large-pair-folders-20260704/by-support/PT__Portuguese/PT__AZ__Portuguese_to_Azerbaijani/youtube_thumbnail.jpg","yXNG25oG7cQ","https://www.youtube.com/watch?v=yXNG25oG7cQ","","Azerbaijano A1","Utensílios de cozinha","Loiça e utensílios. Nível básico."
"PT","BG","PT__Portuguese","PT__BG__Portuguese_to_Bulgarian","/Users/lali/Documents/LUNA2/outputs/design-prototypes/youtube-thumbnail-home_kitchen_cookware_pilot_01-ordinary-target-language-large-pair-folders-20260704/by-support/PT__Portuguese/PT__BG__Portuguese_to_Bulgarian/youtube_thumbnail.jpg","DQAex-U3SDc","https://www.youtube.com/watch?v=DQAex-U3SDc","","Búlgaro A1","Utensílios de cozinha","Loiça e utensílios. Nível básico."
"PT","BN","PT__Portuguese","PT__BN__Portuguese_to_Bangla","/Users/lali/Documents/LUNA2/outputs/design-prototypes/youtube-thumbnail-home_kitchen_cookware_pilot_01-ordinary-target-language-large-pair-folders-20260704/by-support/PT__Portuguese/PT__BN__Portuguese_to_Bangla/youtube_thumbnail.jpg","IDdYhteOT7w","https://www.youtube.com/watch?v=IDdYhteOT7w","","Bengali A1","Utensílios de cozinha","Loiça e utensílios. Nível básico."
"PT","CS","PT__Portuguese","PT__CS__Portuguese_to_Czech","/Users/lali/Documents/LUNA2/outputs/design-prototypes/youtube-thumbnail-home_kitchen_cookware_pilot_01-ordinary-target-language-large-pair-folders-20260704/by-support/PT__Portuguese/PT__CS__Portuguese_to_Czech/youtube_thumbnail.jpg","aoueWSueLLg","https://www.youtube.com/watch?v=aoueWSueLLg","","Tcheco A1","Utensílios de cozinha","Loiça e utensílios. Nível básico."
"PT","DA","PT__Portuguese","PT__DA__Portuguese_to_Danish","/Users/lali/Documents/LUNA2/outputs/design-prototypes/youtube-thumbnail-home_kitchen_cookware_pilot_01-ordinary-target-language-large-pair-folders-20260704/by-support/PT__Portuguese/PT__DA__Portuguese_to_Danish/youtube_thumbnail.jpg","f9T5712ISM8","https://www.youtube.com/watch?v=f9T5712ISM8","","Dinamarquês A1","Utensílios de cozinha","Loiça e utensílios. Nível básico."
"PT","DE","PT__Portuguese","PT__DE__Portuguese_to_German","/Users/lali/Documents/LUNA2/outputs/design-prototypes/youtube-thumbnail-home_kitchen_cookware_pilot_01-ordinary-target-language-large-pair-folders-20260704/by-support/PT__Portuguese/PT__DE__Portuguese_to_German/youtube_thumbnail.jpg","gWW7hLfnImI","https://www.youtube.com/watch?v=gWW7hLfnImI","","Alemão A1","Utensílios de cozinha","Loiça e utensílios. Nível básico."
"PT","EN,ES,FR,DE","PT__Portuguese","PT__EN,ES,FR,DE__Portuguese_to_EN-ES-FR-DE","/Users/lali/Documents/LUNA2/outputs/design-prototypes/youtube-thumbnail-home_kitchen_cookware_pilot_01-ordinary-target-language-large-pair-folders-20260704/by-support/PT__Portuguese/PT__EN,ES,FR,DE__Portuguese_to_EN-ES-FR-DE/youtube_thumbnail.jpg","W9YogLcE9y4","https://www.youtube.com/watch?v=W9YogLcE9y4","","EN,ES,FR,DE A1","Utensílios de cozinha","Loiça e utensílios. Nível básico."
"PT","ES,FR,IT,RO","PT__Portuguese","PT__ES,FR,IT,RO__Portuguese_to_ES-FR-IT-RO","/Users/lali/Documents/LUNA2/outputs/design-prototypes/youtube-thumbnail-home_kitchen_cookware_pilot_01-ordinary-target-language-large-pair-folders-20260704/by-support/PT__Portuguese/PT__ES,FR,IT,RO__Portuguese_to_ES-FR-IT-RO/youtube_thumbnail.jpg","av4qWbUomBA","https://www.youtube.com/watch?v=av4qWbUomBA","","ES,FR,IT,RO A1","Utensílios de cozinha","Loiça e utensílios. Nível básico."
"PT","HR","PT__Portuguese","PT__HR__Portuguese_to_Croatian","/Users/lali/Documents/LUNA2/outputs/design-prototypes/youtube-thumbnail-home_kitchen_cookware_pilot_01-ordinary-target-language-large-pair-folders-20260704/by-support/PT__Portuguese/PT__HR__Portuguese_to_Croatian/youtube_thumbnail.jpg","7dbLkq9IyK0","https://www.youtube.com/watch?v=7dbLkq9IyK0","@lunacardsportugues","Croata A1","Utensílios de cozinha","Loiça e utensílios. Nível básico."
"PT","HU","PT__Portuguese","PT__HU__Portuguese_to_Hungarian","/Users/lali/Documents/LUNA2/outputs/design-prototypes/youtube-thumbnail-home_kitchen_cookware_pilot_01-ordinary-target-language-large-pair-folders-20260704/by-support/PT__Portuguese/PT__HU__Portuguese_to_Hungarian/youtube_thumbnail.jpg","tihNABOX1ug","https://www.youtube.com/watch?v=tihNABOX1ug","@lunacardsportugues","Húngaro A1","Utensílios de cozinha","Loiça e utensílios. Nível básico."
"PT","LO","PT__Portuguese","PT__LO__Portuguese_to_Lao","/Users/lali/Documents/LUNA2/outputs/design-prototypes/youtube-thumbnail-home_kitchen_cookware_pilot_01-ordinary-target-language-large-pair-folders-20260704/by-support/PT__Portuguese/PT__LO__Portuguese_to_Lao/youtube_thumbnail.jpg","B-49DedxLJg","https://www.youtube.com/watch?v=B-49DedxLJg","","Laosiano A1","Utensílios de cozinha","Loiça e utensílios. Nível básico."
"PT","LT","PT__Portuguese","PT__LT__Portuguese_to_Lithuanian","/Users/lali/Documents/LUNA2/outputs/design-prototypes/youtube-thumbnail-home_kitchen_cookware_pilot_01-ordinary-target-language-large-pair-folders-20260704/by-support/PT__Portuguese/PT__LT__Portuguese_to_Lithuanian/youtube_thumbnail.jpg","86URbFhNS4I","https://www.youtube.com/watch?v=86URbFhNS4I","","Lituano A1","Utensílios de cozinha","Loiça e utensílios. Nível básico."
"PT","NE","PT__Portuguese","PT__NE__Portuguese_to_Nepali","/Users/lali/Documents/LUNA2/outputs/design-prototypes/youtube-thumbnail-home_kitchen_cookware_pilot_01-ordinary-target-language-large-pair-folders-20260704/by-support/PT__Portuguese/PT__NE__Portuguese_to_Nepali/youtube_thumbnail.jpg","N6Tr1bZrn3Q","https://www.youtube.com/watch?v=N6Tr1bZrn3Q","","Nepalês A1","Utensílios de cozinha","Loiça e utensílios. Nível básico."
"PT","NL","PT__Portuguese","PT__NL__Portuguese_to_Dutch","/Users/lali/Documents/LUNA2/outputs/design-prototypes/youtube-thumbnail-home_kitchen_cookware_pilot_01-ordinary-target-language-large-pair-folders-20260704/by-support/PT__Portuguese/PT__NL__Portuguese_to_Dutch/youtube_thumbnail.jpg","gEmZjNbbHOo","https://www.youtube.com/watch?v=gEmZjNbbHOo","","Holandês A1","Utensílios de cozinha","Loiça e utensílios. Nível básico."
"PT","NO","PT__Portuguese","PT__NO__Portuguese_to_Norwegian-Bokmal","/Users/lali/Documents/LUNA2/outputs/design-prototypes/youtube-thumbnail-home_kitchen_cookware_pilot_01-ordinary-target-language-large-pair-folders-20260704/by-support/PT__Portuguese/PT__NO__Portuguese_to_Norwegian-Bokmal/youtube_thumbnail.jpg","NtJf6MuQAAc","https://www.youtube.com/watch?v=NtJf6MuQAAc","","Bokmål norueguês A1","Utensílios de cozinha","Loiça e utensílios. Nível básico."
"PT","PL","PT__Portuguese","PT__PL__Portuguese_to_Polish","/Users/lali/Documents/LUNA2/outputs/design-prototypes/youtube-thumbnail-home_kitchen_cookware_pilot_01-ordinary-target-language-large-pair-folders-20260704/by-support/PT__Portuguese/PT__PL__Portuguese_to_Polish/youtube_thumbnail.jpg","u5CtFa8VVEA","https://www.youtube.com/watch?v=u5CtFa8VVEA","","Polonês A1","Utensílios de cozinha","Loiça e utensílios. Nível básico."
"PT","PT","PT__Portuguese","PT__PT__Portuguese_to_Portuguese","/Users/lali/Documents/LUNA2/outputs/design-prototypes/youtube-thumbnail-home_kitchen_cookware_pilot_01-ordinary-target-language-large-pair-folders-20260704/by-support/PT__Portuguese/PT__PT__Portuguese_to_Portuguese/youtube_thumbnail.jpg","Thl-w29X-Zc","https://www.youtube.com/watch?v=Thl-w29X-Zc","","Português A1","Utensílios de cozinha","Loiça e utensílios. Nível básico."
"PT","RO","PT__Portuguese","PT__RO__Portuguese_to_Romanian","/Users/lali/Documents/LUNA2/outputs/design-prototypes/youtube-thumbnail-home_kitchen_cookware_pilot_01-ordinary-target-language-large-pair-folders-20260704/by-support/PT__Portuguese/PT__RO__Portuguese_to_Romanian/youtube_thumbnail.jpg","N3qKOLYpG7w","https://www.youtube.com/watch?v=N3qKOLYpG7w","","Romeno A1","Utensílios de cozinha","Loiça e utensílios. Nível básico."
"PT","RU","PT__Portuguese","PT__RU__Portuguese_to_Russian","/Users/lali/Documents/LUNA2/outputs/design-prototypes/youtube-thumbnail-home_kitchen_cookware_pilot_01-ordinary-target-language-large-pair-folders-20260704/by-support/PT__Portuguese/PT__RU__Portuguese_to_Russian/youtube_thumbnail.jpg","NaNrSPg2Z8I","https://www.youtube.com/watch?v=NaNrSPg2Z8I","","Russo A1","Utensílios de cozinha","Loiça e utensílios. Nível básico."
"PT","RU,PL,CS,SK","PT__Portuguese","PT__RU,PL,CS,SK__Portuguese_to_RU-PL-CS-SK","/Users/lali/Documents/LUNA2/outputs/design-prototypes/youtube-thumbnail-home_kitchen_cookware_pilot_01-ordinary-target-language-large-pair-folders-20260704/by-support/PT__Portuguese/PT__RU,PL,CS,SK__Portuguese_to_RU-PL-CS-SK/youtube_thumbnail.jpg","P9aTbvslv88","https://www.youtube.com/watch?v=P9aTbvslv88","","RU,PL,CS,SK A1","Utensílios de cozinha","Loiça e utensílios. Nível básico."
"PT","SI","PT__Portuguese","PT__SI__Portuguese_to_Sinhala","/Users/lali/Documents/LUNA2/outputs/design-prototypes/youtube-thumbnail-home_kitchen_cookware_pilot_01-ordinary-target-language-large-pair-folders-20260704/by-support/PT__Portuguese/PT__SI__Portuguese_to_Sinhala/youtube_thumbnail.jpg","XZzl4p5bwbI","https://www.youtube.com/watch?v=XZzl4p5bwbI","","Cingalês A1","Utensílios de cozinha","Loiça e utensílios. Nível básico."
"PT","SK","PT__Portuguese","PT__SK__Portuguese_to_Slovak","/Users/lali/Documents/LUNA2/outputs/design-prototypes/youtube-thumbnail-home_kitchen_cookware_pilot_01-ordinary-target-language-large-pair-folders-20260704/by-support/PT__Portuguese/PT__SK__Portuguese_to_Slovak/youtube_thumbnail.jpg","Euiyg_Dk55A","https://www.youtube.com/watch?v=Euiyg_Dk55A","","Eslovaco A1","Utensílios de cozinha","Loiça e utensílios. Nível básico."
"PT","ZH","PT__Portuguese","PT__ZH__Portuguese_to_Chinese","/Users/lali/Documents/LUNA2/outputs/design-prototypes/youtube-thumbnail-home_kitchen_cookware_pilot_01-ordinary-target-language-large-pair-folders-20260704/by-support/PT__Portuguese/PT__ZH__Portuguese_to_Chinese/youtube_thumbnail.jpg","bbhmfLi9JU0","https://www.youtube.com/watch?v=bbhmfLi9JU0","","Chinês A1","Utensílios de cozinha","Loiça e utensílios. Nível básico."
"PT","ZH,JA,KO","PT__Portuguese","PT__ZH,JA,KO__Portuguese_to_ZH-JA-KO","/Users/lali/Documents/LUNA2/outputs/design-prototypes/youtube-thumbnail-home_kitchen_cookware_pilot_01-ordinary-target-language-large-pair-folders-20260704/by-support/PT__Portuguese/PT__ZH,JA,KO__Portuguese_to_ZH-JA-KO/youtube_thumbnail.jpg","HAy1fGfptJI","https://www.youtube.com/watch?v=HAy1fGfptJI","","ZH,JA,KO A1","Utensílios de cozinha","Loiça e utensílios. Nível básico."
"PT-BR","AZ","PT-BR__Portuguese-Brazil","PT-BR__AZ__Portuguese-Brazil_to_Azerbaijani","/Users/lali/Documents/LUNA2/outputs/design-prototypes/youtube-thumbnail-home_kitchen_cookware_pilot_01-ordinary-target-language-large-pair-folders-20260704/by-support/PT-BR__Portuguese-Brazil/PT-BR__AZ__Portuguese-Brazil_to_Azerbaijani/youtube_thumbnail.jpg","yXNG25oG7cQ","https://www.youtube.com/watch?v=yXNG25oG7cQ","@lunacardsportugues","Azerbaijano A1","Utensílios de cozinha","Louça e utensílios. Nível básico."
"PT-BR","BG","PT-BR__Portuguese-Brazil","PT-BR__BG__Portuguese-Brazil_to_Bulgarian","/Users/lali/Documents/LUNA2/outputs/design-prototypes/youtube-thumbnail-home_kitchen_cookware_pilot_01-ordinary-target-language-large-pair-folders-20260704/by-support/PT-BR__Portuguese-Brazil/PT-BR__BG__Portuguese-Brazil_to_Bulgarian/youtube_thumbnail.jpg","DQAex-U3SDc","https://www.youtube.com/watch?v=DQAex-U3SDc","@lunacardsportugues","Búlgaro A1","Utensílios de cozinha","Louça e utensílios. Nível básico."
"PT-BR","BN","PT-BR__Portuguese-Brazil","PT-BR__BN__Portuguese-Brazil_to_Bangla","/Users/lali/Documents/LUNA2/outputs/design-prototypes/youtube-thumbnail-home_kitchen_cookware_pilot_01-ordinary-target-language-large-pair-folders-20260704/by-support/PT-BR__Portuguese-Brazil/PT-BR__BN__Portuguese-Brazil_to_Bangla/youtube_thumbnail.jpg","IDdYhteOT7w","https://www.youtube.com/watch?v=IDdYhteOT7w","@lunacardsportugues","Bengali A1","Utensílios de cozinha","Louça e utensílios. Nível básico."
"PT-BR","CS","PT-BR__Portuguese-Brazil","PT-BR__CS__Portuguese-Brazil_to_Czech","/Users/lali/Documents/LUNA2/outputs/design-prototypes/youtube-thumbnail-home_kitchen_cookware_pilot_01-ordinary-target-language-large-pair-folders-20260704/by-support/PT-BR__Portuguese-Brazil/PT-BR__CS__Portuguese-Brazil_to_Czech/youtube_thumbnail.jpg","aoueWSueLLg","https://www.youtube.com/watch?v=aoueWSueLLg","@lunacardsportugues","Tcheco A1","Utensílios de cozinha","Louça e utensílios. Nível básico."
"PT-BR","DA","PT-BR__Portuguese-Brazil","PT-BR__DA__Portuguese-Brazil_to_Danish","/Users/lali/Documents/LUNA2/outputs/design-prototypes/youtube-thumbnail-home_kitchen_cookware_pilot_01-ordinary-target-language-large-pair-folders-20260704/by-support/PT-BR__Portuguese-Brazil/PT-BR__DA__Portuguese-Brazil_to_Danish/youtube_thumbnail.jpg","f9T5712ISM8","https://www.youtube.com/watch?v=f9T5712ISM8","@lunacardsportugues","Dinamarquês A1","Utensílios de cozinha","Louça e utensílios. Nível básico."
"PT-BR","DE","PT-BR__Portuguese-Brazil","PT-BR__DE__Portuguese-Brazil_to_German","/Users/lali/Documents/LUNA2/outputs/design-prototypes/youtube-thumbnail-home_kitchen_cookware_pilot_01-ordinary-target-language-large-pair-folders-20260704/by-support/PT-BR__Portuguese-Brazil/PT-BR__DE__Portuguese-Brazil_to_German/youtube_thumbnail.jpg","gWW7hLfnImI","https://www.youtube.com/watch?v=gWW7hLfnImI","@lunacardsportugues","Alemão A1","Utensílios de cozinha","Louça e utensílios. Nível básico."
"PT-BR","EN,ES,FR,DE","PT-BR__Portuguese-Brazil","PT-BR__EN,ES,FR,DE__Portuguese-Brazil_to_EN-ES-FR-DE","/Users/lali/Documents/LUNA2/outputs/design-prototypes/youtube-thumbnail-home_kitchen_cookware_pilot_01-ordinary-target-language-large-pair-folders-20260704/by-support/PT-BR__Portuguese-Brazil/PT-BR__EN,ES,FR,DE__Portuguese-Brazil_to_EN-ES-FR-DE/youtube_thumbnail.jpg","W9YogLcE9y4","https://www.youtube.com/watch?v=W9YogLcE9y4","","EN,ES,FR,DE A1","Utensílios de cozinha","Louça e utensílios. Nível básico."
"PT-BR","ES,FR,IT,RO","PT-BR__Portuguese-Brazil","PT-BR__ES,FR,IT,RO__Portuguese-Brazil_to_ES-FR-IT-RO","/Users/lali/Documents/LUNA2/outputs/design-prototypes/youtube-thumbnail-home_kitchen_cookware_pilot_01-ordinary-target-language-large-pair-folders-20260704/by-support/PT-BR__Portuguese-Brazil/PT-BR__ES,FR,IT,RO__Portuguese-Brazil_to_ES-FR-IT-RO/youtube_thumbnail.jpg","av4qWbUomBA","https://www.youtube.com/watch?v=av4qWbUomBA","","ES,FR,IT,RO A1","Utensílios de cozinha","Louça e utensílios. Nível básico."
"PT-BR","LO","PT-BR__Portuguese-Brazil","PT-BR__LO__Portuguese-Brazil_to_Lao","/Users/lali/Documents/LUNA2/outputs/design-prototypes/youtube-thumbnail-home_kitchen_cookware_pilot_01-ordinary-target-language-large-pair-folders-20260704/by-support/PT-BR__Portuguese-Brazil/PT-BR__LO__Portuguese-Brazil_to_Lao/youtube_thumbnail.jpg","B-49DedxLJg","https://www.youtube.com/watch?v=B-49DedxLJg","@lunacardsportugues","Laosiano A1","Utensílios de cozinha","Louça e utensílios. Nível básico."
"PT-BR","LT","PT-BR__Portuguese-Brazil","PT-BR__LT__Portuguese-Brazil_to_Lithuanian","/Users/lali/Documents/LUNA2/outputs/design-prototypes/youtube-thumbnail-home_kitchen_cookware_pilot_01-ordinary-target-language-large-pair-folders-20260704/by-support/PT-BR__Portuguese-Brazil/PT-BR__LT__Portuguese-Brazil_to_Lithuanian/youtube_thumbnail.jpg","86URbFhNS4I","https://www.youtube.com/watch?v=86URbFhNS4I","@lunacardsportugues","Lituano A1","Utensílios de cozinha","Louça e utensílios. Nível básico."
"PT-BR","NB","PT-BR__Portuguese-Brazil","PT-BR__NB__Portuguese-Brazil_to_Norwegian-Bokmal","/Users/lali/Documents/LUNA2/outputs/design-prototypes/youtube-thumbnail-home_kitchen_cookware_pilot_01-ordinary-target-language-large-pair-folders-20260704/by-support/PT-BR__Portuguese-Brazil/PT-BR__NB__Portuguese-Brazil_to_Norwegian-Bokmal/youtube_thumbnail.jpg","NtJf6MuQAAc","https://www.youtube.com/watch?v=NtJf6MuQAAc","@lunacardsportugues","Bokmål norueguês A1","Utensílios de cozinha","Louça e utensílios. Nível básico."
"PT-BR","NE","PT-BR__Portuguese-Brazil","PT-BR__NE__Portuguese-Brazil_to_Nepali","/Users/lali/Documents/LUNA2/outputs/design-prototypes/youtube-thumbnail-home_kitchen_cookware_pilot_01-ordinary-target-language-large-pair-folders-20260704/by-support/PT-BR__Portuguese-Brazil/PT-BR__NE__Portuguese-Brazil_to_Nepali/youtube_thumbnail.jpg","N6Tr1bZrn3Q","https://www.youtube.com/watch?v=N6Tr1bZrn3Q","","Nepalês A1","Utensílios de cozinha","Louça e utensílios. Nível básico."
"PT-BR","NL","PT-BR__Portuguese-Brazil","PT-BR__NL__Portuguese-Brazil_to_Dutch","/Users/lali/Documents/LUNA2/outputs/design-prototypes/youtube-thumbnail-home_kitchen_cookware_pilot_01-ordinary-target-language-large-pair-folders-20260704/by-support/PT-BR__Portuguese-Brazil/PT-BR__NL__Portuguese-Brazil_to_Dutch/youtube_thumbnail.jpg","gEmZjNbbHOo","https://www.youtube.com/watch?v=gEmZjNbbHOo","","Holandês A1","Utensílios de cozinha","Louça e utensílios. Nível básico."
"PT-BR","NO","PT-BR__Portuguese-Brazil","PT-BR__NO__Portuguese-Brazil_to_Norwegian-Bokmal","/Users/lali/Documents/LUNA2/outputs/design-prototypes/youtube-thumbnail-home_kitchen_cookware_pilot_01-ordinary-target-language-large-pair-folders-20260704/by-support/PT-BR__Portuguese-Brazil/PT-BR__NO__Portuguese-Brazil_to_Norwegian-Bokmal/youtube_thumbnail.jpg","NtJf6MuQAAc","https://www.youtube.com/watch?v=NtJf6MuQAAc","","Bokmål norueguês A1","Utensílios de cozinha","Louça e utensílios. Nível básico."
"PT-BR","PL","PT-BR__Portuguese-Brazil","PT-BR__PL__Portuguese-Brazil_to_Polish","/Users/lali/Documents/LUNA2/outputs/design-prototypes/youtube-thumbnail-home_kitchen_cookware_pilot_01-ordinary-target-language-large-pair-folders-20260704/by-support/PT-BR__Portuguese-Brazil/PT-BR__PL__Portuguese-Brazil_to_Polish/youtube_thumbnail.jpg","u5CtFa8VVEA","https://www.youtube.com/watch?v=u5CtFa8VVEA","","Polonês A1","Utensílios de cozinha","Louça e utensílios. Nível básico."
"PT-BR","PT","PT-BR__Portuguese-Brazil","PT-BR__PT__Portuguese-Brazil_to_Portuguese","/Users/lali/Documents/LUNA2/outputs/design-prototypes/youtube-thumbnail-home_kitchen_cookware_pilot_01-ordinary-target-language-large-pair-folders-20260704/by-support/PT-BR__Portuguese-Brazil/PT-BR__PT__Portuguese-Brazil_to_Portuguese/youtube_thumbnail.jpg","Thl-w29X-Zc","https://www.youtube.com/watch?v=Thl-w29X-Zc","","Português A1","Utensílios de cozinha","Louça e utensílios. Nível básico."
"PT-BR","RO","PT-BR__Portuguese-Brazil","PT-BR__RO__Portuguese-Brazil_to_Romanian","/Users/lali/Documents/LUNA2/outputs/design-prototypes/youtube-thumbnail-home_kitchen_cookware_pilot_01-ordinary-target-language-large-pair-folders-20260704/by-support/PT-BR__Portuguese-Brazil/PT-BR__RO__Portuguese-Brazil_to_Romanian/youtube_thumbnail.jpg","N3qKOLYpG7w","https://www.youtube.com/watch?v=N3qKOLYpG7w","","Romeno A1","Utensílios de cozinha","Louça e utensílios. Nível básico."
"PT-BR","RU","PT-BR__Portuguese-Brazil","PT-BR__RU__Portuguese-Brazil_to_Russian","/Users/lali/Documents/LUNA2/outputs/design-prototypes/youtube-thumbnail-home_kitchen_cookware_pilot_01-ordinary-target-language-large-pair-folders-20260704/by-support/PT-BR__Portuguese-Brazil/PT-BR__RU__Portuguese-Brazil_to_Russian/youtube_thumbnail.jpg","NaNrSPg2Z8I","https://www.youtube.com/watch?v=NaNrSPg2Z8I","@lunacardsportugues","Russo A1","Utensílios de cozinha","Louça e utensílios. Nível básico."
"PT-BR","RU,PL,CS,SK","PT-BR__Portuguese-Brazil","PT-BR__RU,PL,CS,SK__Portuguese-Brazil_to_RU-PL-CS-SK","/Users/lali/Documents/LUNA2/outputs/design-prototypes/youtube-thumbnail-home_kitchen_cookware_pilot_01-ordinary-target-language-large-pair-folders-20260704/by-support/PT-BR__Portuguese-Brazil/PT-BR__RU,PL,CS,SK__Portuguese-Brazil_to_RU-PL-CS-SK/youtube_thumbnail.jpg","P9aTbvslv88","https://www.youtube.com/watch?v=P9aTbvslv88","","RU,PL,CS,SK A1","Utensílios de cozinha","Louça e utensílios. Nível básico."
"PT-BR","SI","PT-BR__Portuguese-Brazil","PT-BR__SI__Portuguese-Brazil_to_Sinhala","/Users/lali/Documents/LUNA2/outputs/design-prototypes/youtube-thumbnail-home_kitchen_cookware_pilot_01-ordinary-target-language-large-pair-folders-20260704/by-support/PT-BR__Portuguese-Brazil/PT-BR__SI__Portuguese-Brazil_to_Sinhala/youtube_thumbnail.jpg","XZzl4p5bwbI","https://www.youtube.com/watch?v=XZzl4p5bwbI","","Cingalês A1","Utensílios de cozinha","Louça e utensílios. Nível básico."
"PT-BR","SK","PT-BR__Portuguese-Brazil","PT-BR__SK__Portuguese-Brazil_to_Slovak","/Users/lali/Documents/LUNA2/outputs/design-prototypes/youtube-thumbnail-home_kitchen_cookware_pilot_01-ordinary-target-language-large-pair-folders-20260704/by-support/PT-BR__Portuguese-Brazil/PT-BR__SK__Portuguese-Brazil_to_Slovak/youtube_thumbnail.jpg","Euiyg_Dk55A","https://www.youtube.com/watch?v=Euiyg_Dk55A","","Eslovaco A1","Utensílios de cozinha","Louça e utensílios. Nível básico."
"PT-BR","ZH","PT-BR__Portuguese-Brazil","PT-BR__ZH__Portuguese-Brazil_to_Chinese","/Users/lali/Documents/LUNA2/outputs/design-prototypes/youtube-thumbnail-home_kitchen_cookware_pilot_01-ordinary-target-language-large-pair-folders-20260704/by-support/PT-BR__Portuguese-Brazil/PT-BR__ZH__Portuguese-Brazil_to_Chinese/youtube_thumbnail.jpg","bbhmfLi9JU0","https://www.youtube.com/watch?v=bbhmfLi9JU0","@lunacardsportugues","Chinês A1","Utensílios de cozinha","Louça e utensílios. Nível básico."
"PT-BR","ZH,JA,KO","PT-BR__Portuguese-Brazil","PT-BR__ZH,JA,KO__Portuguese-Brazil_to_ZH-JA-KO","/Users/lali/Documents/LUNA2/outputs/design-prototypes/youtube-thumbnail-home_kitchen_cookware_pilot_01-ordinary-target-language-large-pair-folders-20260704/by-support/PT-BR__Portuguese-Brazil/PT-BR__ZH,JA,KO__Portuguese-Brazil_to_ZH-JA-KO/youtube_thumbnail.jpg","HAy1fGfptJI","https://www.youtube.com/watch?v=HAy1fGfptJI","","ZH,JA,KO A1","Utensílios de cozinha","Louça e utensílios. Nível básico."
"RU","AZ","RU__Russian","RU__AZ__Russian_to_Azerbaijani","/Users/lali/Documents/LUNA2/outputs/design-prototypes/youtube-thumbnail-home_kitchen_cookware_pilot_01-ordinary-target-language-large-pair-folders-20260704/by-support/RU__Russian/RU__AZ__Russian_to_Azerbaijani/youtube_thumbnail.jpg","mealfhnUI6w","https://www.youtube.com/watch?v=mealfhnUI6w","@lunacardsru","Азербайджанский A1","Кухонная посуда","Посуда и приборы. Базовый уровень."
"RU","BG","RU__Russian","RU__BG__Russian_to_Bulgarian","/Users/lali/Documents/LUNA2/outputs/design-prototypes/youtube-thumbnail-home_kitchen_cookware_pilot_01-ordinary-target-language-large-pair-folders-20260704/by-support/RU__Russian/RU__BG__Russian_to_Bulgarian/youtube_thumbnail.jpg","3A8E4ehVUV8","https://www.youtube.com/watch?v=3A8E4ehVUV8","@lunacardsru","Болгарский A1","Кухонная посуда","Посуда и приборы. Базовый уровень."
"RU","BN","RU__Russian","RU__BN__Russian_to_Bangla","/Users/lali/Documents/LUNA2/outputs/design-prototypes/youtube-thumbnail-home_kitchen_cookware_pilot_01-ordinary-target-language-large-pair-folders-20260704/by-support/RU__Russian/RU__BN__Russian_to_Bangla/youtube_thumbnail.jpg","wxs2_ky0NOQ","https://www.youtube.com/watch?v=wxs2_ky0NOQ","@lunacardsru","Бенгальский A1","Кухонная посуда","Посуда и приборы. Базовый уровень."
"RU","CS","RU__Russian","RU__CS__Russian_to_Czech","/Users/lali/Documents/LUNA2/outputs/design-prototypes/youtube-thumbnail-home_kitchen_cookware_pilot_01-ordinary-target-language-large-pair-folders-20260704/by-support/RU__Russian/RU__CS__Russian_to_Czech/youtube_thumbnail.jpg","YvcxZ9h_bKw","https://www.youtube.com/watch?v=YvcxZ9h_bKw","@lunacardsru","Чешский A1","Кухонная посуда","Посуда и приборы. Базовый уровень."
"RU","DA","RU__Russian","RU__DA__Russian_to_Danish","/Users/lali/Documents/LUNA2/outputs/design-prototypes/youtube-thumbnail-home_kitchen_cookware_pilot_01-ordinary-target-language-large-pair-folders-20260704/by-support/RU__Russian/RU__DA__Russian_to_Danish/youtube_thumbnail.jpg","pjL2V_cw4J4","https://www.youtube.com/watch?v=pjL2V_cw4J4","@lunacardsru","Датский A1","Кухонная посуда","Посуда и приборы. Базовый уровень."
"RU","DE","RU__Russian","RU__DE__Russian_to_German","/Users/lali/Documents/LUNA2/outputs/design-prototypes/youtube-thumbnail-home_kitchen_cookware_pilot_01-ordinary-target-language-large-pair-folders-20260704/by-support/RU__Russian/RU__DE__Russian_to_German/youtube_thumbnail.jpg","xhATYbPtMcw","https://www.youtube.com/watch?v=xhATYbPtMcw","@lunacardsru","Немецкий A1","Кухонная посуда","Посуда и приборы. Базовый уровень."
"RU","EN","RU__Russian","RU__EN__Russian_to_English","/Users/lali/Documents/LUNA2/outputs/design-prototypes/youtube-thumbnail-home_kitchen_cookware_pilot_01-ordinary-target-language-large-pair-folders-20260704/by-support/RU__Russian/RU__EN__Russian_to_English/youtube_thumbnail.jpg","6oUeJLWDOjk","https://www.youtube.com/watch?v=6oUeJLWDOjk","@lunacardsru","Английский A1","Кухонная посуда","Посуда и приборы. Базовый уровень."
"RU","EN-GB","RU__Russian","RU__EN-GB__Russian_to_English-United-Kingdom","/Users/lali/Documents/LUNA2/outputs/design-prototypes/youtube-thumbnail-home_kitchen_cookware_pilot_01-ordinary-target-language-large-pair-folders-20260704/by-support/RU__Russian/RU__EN-GB__Russian_to_English-United-Kingdom/youtube_thumbnail.jpg","PUYdVmjGSjM","https://www.youtube.com/watch?v=PUYdVmjGSjM","@lunacardsru","Английский (Великобритания) A1","Кухонная посуда","Посуда и приборы. Базовый уровень."
"RU","EN,ES,FR,DE","RU__Russian","RU__EN,ES,FR,DE__Russian_to_EN-ES-FR-DE","/Users/lali/Documents/LUNA2/outputs/design-prototypes/youtube-thumbnail-home_kitchen_cookware_pilot_01-ordinary-target-language-large-pair-folders-20260704/by-support/RU__Russian/RU__EN,ES,FR,DE__Russian_to_EN-ES-FR-DE/youtube_thumbnail.jpg","LPqJjLfNoJk","https://www.youtube.com/watch?v=LPqJjLfNoJk","","EN,ES,FR,DE A1","Кухонная посуда","Посуда и приборы. Базовый уровень."
"RU","ES","RU__Russian","RU__ES__Russian_to_Spanish","/Users/lali/Documents/LUNA2/outputs/design-prototypes/youtube-thumbnail-home_kitchen_cookware_pilot_01-ordinary-target-language-large-pair-folders-20260704/by-support/RU__Russian/RU__ES__Russian_to_Spanish/youtube_thumbnail.jpg","dWk3ncNgrFU","https://www.youtube.com/watch?v=dWk3ncNgrFU","@lunacardsru","Испанский A1","Кухонная посуда","Посуда и приборы. Базовый уровень."
"RU","ES-419","RU__Russian","RU__ES-419__Russian_to_Spanish-Latin-America","/Users/lali/Documents/LUNA2/outputs/design-prototypes/youtube-thumbnail-home_kitchen_cookware_pilot_01-ordinary-target-language-large-pair-folders-20260704/by-support/RU__Russian/RU__ES-419__Russian_to_Spanish-Latin-America/youtube_thumbnail.jpg","hIJfc6O3Sf8","https://www.youtube.com/watch?v=hIJfc6O3Sf8","@lunacardsru","Испанский (Латинская Америка) A1","Кухонная посуда","Посуда и приборы. Базовый уровень."
"RU","ES,FR,IT,PT","RU__Russian","RU__ES,FR,IT,PT__Russian_to_ES-FR-IT-PT","/Users/lali/Documents/LUNA2/outputs/design-prototypes/youtube-thumbnail-home_kitchen_cookware_pilot_01-ordinary-target-language-large-pair-folders-20260704/by-support/RU__Russian/RU__ES,FR,IT,PT__Russian_to_ES-FR-IT-PT/youtube_thumbnail.jpg","Sidcz197wvo","https://www.youtube.com/watch?v=Sidcz197wvo","","ES,FR,IT,PT A1","Кухонная посуда","Посуда и приборы. Базовый уровень."
"RU","ET","RU__Russian","RU__ET__Russian_to_Estonian","/Users/lali/Documents/LUNA2/outputs/design-prototypes/youtube-thumbnail-home_kitchen_cookware_pilot_01-ordinary-target-language-large-pair-folders-20260704/by-support/RU__Russian/RU__ET__Russian_to_Estonian/youtube_thumbnail.jpg","2Zu3bMHTCVI","https://www.youtube.com/watch?v=2Zu3bMHTCVI","@lunacardsru","Эстонский A1","Кухонная посуда","Посуда и приборы. Базовый уровень."
"RU","FI","RU__Russian","RU__FI__Russian_to_Finnish","/Users/lali/Documents/LUNA2/outputs/design-prototypes/youtube-thumbnail-home_kitchen_cookware_pilot_01-ordinary-target-language-large-pair-folders-20260704/by-support/RU__Russian/RU__FI__Russian_to_Finnish/youtube_thumbnail.jpg","OByrISaSHRI","https://www.youtube.com/watch?v=OByrISaSHRI","@lunacardsru","Финский A1","Кухонная посуда","Посуда и приборы. Базовый уровень."
"RU","FR","RU__Russian","RU__FR__Russian_to_French","/Users/lali/Documents/LUNA2/outputs/design-prototypes/youtube-thumbnail-home_kitchen_cookware_pilot_01-ordinary-target-language-large-pair-folders-20260704/by-support/RU__Russian/RU__FR__Russian_to_French/youtube_thumbnail.jpg","a4CA_qSLirs","https://www.youtube.com/watch?v=a4CA_qSLirs","@lunacardsru","Французский A1","Кухонная посуда","Посуда и приборы. Базовый уровень."
"RU","HI","RU__Russian","RU__HI__Russian_to_Hindi","/Users/lali/Documents/LUNA2/outputs/design-prototypes/youtube-thumbnail-home_kitchen_cookware_pilot_01-ordinary-target-language-large-pair-folders-20260704/by-support/RU__Russian/RU__HI__Russian_to_Hindi/youtube_thumbnail.jpg","fbAVgpbKzFQ","https://www.youtube.com/watch?v=fbAVgpbKzFQ","@lunacardsru","Хинди A1","Кухонная посуда","Посуда и приборы. Базовый уровень."
"RU","HR","RU__Russian","RU__HR__Russian_to_Croatian","/Users/lali/Documents/LUNA2/outputs/design-prototypes/youtube-thumbnail-home_kitchen_cookware_pilot_01-ordinary-target-language-large-pair-folders-20260704/by-support/RU__Russian/RU__HR__Russian_to_Croatian/youtube_thumbnail.jpg","KIBrN6sGm3s","https://www.youtube.com/watch?v=KIBrN6sGm3s","@lunacardsru","Хорватский A1","Кухонная посуда","Посуда и приборы. Базовый уровень."
"RU","HU","RU__Russian","RU__HU__Russian_to_Hungarian","/Users/lali/Documents/LUNA2/outputs/design-prototypes/youtube-thumbnail-home_kitchen_cookware_pilot_01-ordinary-target-language-large-pair-folders-20260704/by-support/RU__Russian/RU__HU__Russian_to_Hungarian/youtube_thumbnail.jpg","ONpDMc5HQY0","https://www.youtube.com/watch?v=ONpDMc5HQY0","@lunacardsru","Венгерский A1","Кухонная посуда","Посуда и приборы. Базовый уровень."
"RU","HY","RU__Russian","RU__HY__Russian_to_Armenian","/Users/lali/Documents/LUNA2/outputs/design-prototypes/youtube-thumbnail-home_kitchen_cookware_pilot_01-ordinary-target-language-large-pair-folders-20260704/by-support/RU__Russian/RU__HY__Russian_to_Armenian/youtube_thumbnail.jpg","APnF64_w-5A","https://www.youtube.com/watch?v=APnF64_w-5A","@lunacardsru","Армянский A1","Кухонная посуда","Посуда и приборы. Базовый уровень."
"RU","ID","RU__Russian","RU__ID__Russian_to_Indonesian","/Users/lali/Documents/LUNA2/outputs/design-prototypes/youtube-thumbnail-home_kitchen_cookware_pilot_01-ordinary-target-language-large-pair-folders-20260704/by-support/RU__Russian/RU__ID__Russian_to_Indonesian/youtube_thumbnail.jpg","7rQ_Wo2IycM","https://www.youtube.com/watch?v=7rQ_Wo2IycM","@lunacardsru","Индонезийский A1","Кухонная посуда","Посуда и приборы. Базовый уровень."
"RU","IS","RU__Russian","RU__IS__Russian_to_Icelandic","/Users/lali/Documents/LUNA2/outputs/design-prototypes/youtube-thumbnail-home_kitchen_cookware_pilot_01-ordinary-target-language-large-pair-folders-20260704/by-support/RU__Russian/RU__IS__Russian_to_Icelandic/youtube_thumbnail.jpg","e_h7AonveHQ","https://www.youtube.com/watch?v=e_h7AonveHQ","@lunacardsru","Исландский A1","Кухонная посуда","Посуда и приборы. Базовый уровень."
"RU","IT","RU__Russian","RU__IT__Russian_to_Italian","/Users/lali/Documents/LUNA2/outputs/design-prototypes/youtube-thumbnail-home_kitchen_cookware_pilot_01-ordinary-target-language-large-pair-folders-20260704/by-support/RU__Russian/RU__IT__Russian_to_Italian/youtube_thumbnail.jpg","TkHEdDbwqRg","https://www.youtube.com/watch?v=TkHEdDbwqRg","@lunacardsru","Итальянский A1","Кухонная посуда","Посуда и приборы. Базовый уровень."
"RU","JA","RU__Russian","RU__JA__Russian_to_Japanese","/Users/lali/Documents/LUNA2/outputs/design-prototypes/youtube-thumbnail-home_kitchen_cookware_pilot_01-ordinary-target-language-large-pair-folders-20260704/by-support/RU__Russian/RU__JA__Russian_to_Japanese/youtube_thumbnail.jpg","JI1I354COi0","https://www.youtube.com/watch?v=JI1I354COi0","@lunacardsru","Японский A1","Кухонная посуда","Посуда и приборы. Базовый уровень."
"RU","KA","RU__Russian","RU__KA__Russian_to_Georgian","/Users/lali/Documents/LUNA2/outputs/design-prototypes/youtube-thumbnail-home_kitchen_cookware_pilot_01-ordinary-target-language-large-pair-folders-20260704/by-support/RU__Russian/RU__KA__Russian_to_Georgian/youtube_thumbnail.jpg","F9ShBS9keVc","https://www.youtube.com/watch?v=F9ShBS9keVc","@lunacardsru","Грузинский A1","Кухонная посуда","Посуда и приборы. Базовый уровень."
"RU","KK","RU__Russian","RU__KK__Russian_to_Kazakh","/Users/lali/Documents/LUNA2/outputs/design-prototypes/youtube-thumbnail-home_kitchen_cookware_pilot_01-ordinary-target-language-large-pair-folders-20260704/by-support/RU__Russian/RU__KK__Russian_to_Kazakh/youtube_thumbnail.jpg","9u6262j26cA","https://www.youtube.com/watch?v=9u6262j26cA","@lunacardsru","Казахский A1","Кухонная посуда","Посуда и приборы. Базовый уровень."
"RU","KM","RU__Russian","RU__KM__Russian_to_Khmer","/Users/lali/Documents/LUNA2/outputs/design-prototypes/youtube-thumbnail-home_kitchen_cookware_pilot_01-ordinary-target-language-large-pair-folders-20260704/by-support/RU__Russian/RU__KM__Russian_to_Khmer/youtube_thumbnail.jpg","eQIaSlxyD9A","https://www.youtube.com/watch?v=eQIaSlxyD9A","","Кхмерский A1","Кухонная посуда","Посуда и приборы. Базовый уровень."
"RU","KN","RU__Russian","RU__KN__Russian_to_Kannada","/Users/lali/Documents/LUNA2/outputs/design-prototypes/youtube-thumbnail-home_kitchen_cookware_pilot_01-ordinary-target-language-large-pair-folders-20260704/by-support/RU__Russian/RU__KN__Russian_to_Kannada/youtube_thumbnail.jpg","tgOl9JXCvtY","https://www.youtube.com/watch?v=tgOl9JXCvtY","","Каннада A1","Кухонная посуда","Посуда и приборы. Базовый уровень."
"RU","KO","RU__Russian","RU__KO__Russian_to_Korean","/Users/lali/Documents/LUNA2/outputs/design-prototypes/youtube-thumbnail-home_kitchen_cookware_pilot_01-ordinary-target-language-large-pair-folders-20260704/by-support/RU__Russian/RU__KO__Russian_to_Korean/youtube_thumbnail.jpg","i6pu8sQL1cg","https://www.youtube.com/watch?v=i6pu8sQL1cg","@lunacardsru","Корейский A1","Кухонная посуда","Посуда и приборы. Базовый уровень."
"RU","LO","RU__Russian","RU__LO__Russian_to_Lao","/Users/lali/Documents/LUNA2/outputs/design-prototypes/youtube-thumbnail-home_kitchen_cookware_pilot_01-ordinary-target-language-large-pair-folders-20260704/by-support/RU__Russian/RU__LO__Russian_to_Lao/youtube_thumbnail.jpg","ACDa5GMasp4","https://www.youtube.com/watch?v=ACDa5GMasp4","","Лаосский A1","Кухонная посуда","Посуда и приборы. Базовый уровень."
"RU","LT","RU__Russian","RU__LT__Russian_to_Lithuanian","/Users/lali/Documents/LUNA2/outputs/design-prototypes/youtube-thumbnail-home_kitchen_cookware_pilot_01-ordinary-target-language-large-pair-folders-20260704/by-support/RU__Russian/RU__LT__Russian_to_Lithuanian/youtube_thumbnail.jpg","bCoKsorHkF8","https://www.youtube.com/watch?v=bCoKsorHkF8","","Литовский A1","Кухонная посуда","Посуда и приборы. Базовый уровень."
"RU","LV","RU__Russian","RU__LV__Russian_to_Latvian","/Users/lali/Documents/LUNA2/outputs/design-prototypes/youtube-thumbnail-home_kitchen_cookware_pilot_01-ordinary-target-language-large-pair-folders-20260704/by-support/RU__Russian/RU__LV__Russian_to_Latvian/youtube_thumbnail.jpg","PjW8BMBMcBY","https://www.youtube.com/watch?v=PjW8BMBMcBY","@lunacardsru","Латышский A1","Кухонная посуда","Посуда и приборы. Базовый уровень."
"RU","ML","RU__Russian","RU__ML__Russian_to_Malayalam","/Users/lali/Documents/LUNA2/outputs/design-prototypes/youtube-thumbnail-home_kitchen_cookware_pilot_01-ordinary-target-language-large-pair-folders-20260704/by-support/RU__Russian/RU__ML__Russian_to_Malayalam/youtube_thumbnail.jpg","KfqOS8Jcv6A","https://www.youtube.com/watch?v=KfqOS8Jcv6A","@lunacardsru","Малаялам A1","Кухонная посуда","Посуда и приборы. Базовый уровень."
"RU","MS","RU__Russian","RU__MS__Russian_to_Malay","/Users/lali/Documents/LUNA2/outputs/design-prototypes/youtube-thumbnail-home_kitchen_cookware_pilot_01-ordinary-target-language-large-pair-folders-20260704/by-support/RU__Russian/RU__MS__Russian_to_Malay/youtube_thumbnail.jpg","vKX6CKi0EOQ","https://www.youtube.com/watch?v=vKX6CKi0EOQ","@lunacardsru","Малайский A1","Кухонная посуда","Посуда и приборы. Базовый уровень."
"RU","MY","RU__Russian","RU__MY__Russian_to_Burmese","/Users/lali/Documents/LUNA2/outputs/design-prototypes/youtube-thumbnail-home_kitchen_cookware_pilot_01-ordinary-target-language-large-pair-folders-20260704/by-support/RU__Russian/RU__MY__Russian_to_Burmese/youtube_thumbnail.jpg","L1zr2CPMMe8","https://www.youtube.com/watch?v=L1zr2CPMMe8","@lunacardsru","Бирманский A1","Кухонная посуда","Посуда и приборы. Базовый уровень."
"RU","NB","RU__Russian","RU__NB__Russian_to_Norwegian-Bokmal","/Users/lali/Documents/LUNA2/outputs/design-prototypes/youtube-thumbnail-home_kitchen_cookware_pilot_01-ordinary-target-language-large-pair-folders-20260704/by-support/RU__Russian/RU__NB__Russian_to_Norwegian-Bokmal/youtube_thumbnail.jpg","r-o6QHsN-5I","https://www.youtube.com/watch?v=r-o6QHsN-5I","@lunacardsru","Норвежский букмол A1","Кухонная посуда","Посуда и приборы. Базовый уровень."
"RU","NE","RU__Russian","RU__NE__Russian_to_Nepali","/Users/lali/Documents/LUNA2/outputs/design-prototypes/youtube-thumbnail-home_kitchen_cookware_pilot_01-ordinary-target-language-large-pair-folders-20260704/by-support/RU__Russian/RU__NE__Russian_to_Nepali/youtube_thumbnail.jpg","aViCwfLmugk","https://www.youtube.com/watch?v=aViCwfLmugk","@lunacardsru","Непальский A1","Кухонная посуда","Посуда и приборы. Базовый уровень."
"RU","NL","RU__Russian","RU__NL__Russian_to_Dutch","/Users/lali/Documents/LUNA2/outputs/design-prototypes/youtube-thumbnail-home_kitchen_cookware_pilot_01-ordinary-target-language-large-pair-folders-20260704/by-support/RU__Russian/RU__NL__Russian_to_Dutch/youtube_thumbnail.jpg","4DbxD3uDR7s","https://www.youtube.com/watch?v=4DbxD3uDR7s","@lunacardsru","Нидерландский A1","Кухонная посуда","Посуда и приборы. Базовый уровень."
"RU","NO","RU__Russian","RU__NO__Russian_to_Norwegian-Bokmal","/Users/lali/Documents/LUNA2/outputs/design-prototypes/youtube-thumbnail-home_kitchen_cookware_pilot_01-ordinary-target-language-large-pair-folders-20260704/by-support/RU__Russian/RU__NO__Russian_to_Norwegian-Bokmal/youtube_thumbnail.jpg","r-o6QHsN-5I","https://www.youtube.com/watch?v=r-o6QHsN-5I","","Норвежский букмол A1","Кухонная посуда","Посуда и приборы. Базовый уровень."
"RU","PL","RU__Russian","RU__PL__Russian_to_Polish","/Users/lali/Documents/LUNA2/outputs/design-prototypes/youtube-thumbnail-home_kitchen_cookware_pilot_01-ordinary-target-language-large-pair-folders-20260704/by-support/RU__Russian/RU__PL__Russian_to_Polish/youtube_thumbnail.jpg","xxJ2r7bY9ws","https://www.youtube.com/watch?v=xxJ2r7bY9ws","@lunacardsru","Польский A1","Кухонная посуда","Посуда и приборы. Базовый уровень."
"RU","PL,CS,SK,BG","RU__Russian","RU__PL,CS,SK,BG__Russian_to_PL-CS-SK-BG","/Users/lali/Documents/LUNA2/outputs/design-prototypes/youtube-thumbnail-home_kitchen_cookware_pilot_01-ordinary-target-language-large-pair-folders-20260704/by-support/RU__Russian/RU__PL,CS,SK,BG__Russian_to_PL-CS-SK-BG/youtube_thumbnail.jpg","16izzfan6XI","https://www.youtube.com/watch?v=16izzfan6XI","","PL,CS,SK,BG A1","Кухонная посуда","Посуда и приборы. Базовый уровень."
"RU","PT","RU__Russian","RU__PT__Russian_to_Portuguese","/Users/lali/Documents/LUNA2/outputs/design-prototypes/youtube-thumbnail-home_kitchen_cookware_pilot_01-ordinary-target-language-large-pair-folders-20260704/by-support/RU__Russian/RU__PT__Russian_to_Portuguese/youtube_thumbnail.jpg","S32nEFOVAlg","https://www.youtube.com/watch?v=S32nEFOVAlg","@lunacardsru","Португальский A1","Кухонная посуда","Посуда и приборы. Базовый уровень."
"RU","PT-BR","RU__Russian","RU__PT-BR__Russian_to_Portuguese-Brazil","/Users/lali/Documents/LUNA2/outputs/design-prototypes/youtube-thumbnail-home_kitchen_cookware_pilot_01-ordinary-target-language-large-pair-folders-20260704/by-support/RU__Russian/RU__PT-BR__Russian_to_Portuguese-Brazil/youtube_thumbnail.jpg","1wty33-6qXY","https://www.youtube.com/watch?v=1wty33-6qXY","@lunacardsru","Португальский (Бразилия) A1","Кухонная посуда","Посуда и приборы. Базовый уровень."
"RU","RO","RU__Russian","RU__RO__Russian_to_Romanian","/Users/lali/Documents/LUNA2/outputs/design-prototypes/youtube-thumbnail-home_kitchen_cookware_pilot_01-ordinary-target-language-large-pair-folders-20260704/by-support/RU__Russian/RU__RO__Russian_to_Romanian/youtube_thumbnail.jpg","d0O8OkmN8ak","https://www.youtube.com/watch?v=d0O8OkmN8ak","@lunacardsru","Румынский A1","Кухонная посуда","Посуда и приборы. Базовый уровень."
"RU","SI","RU__Russian","RU__SI__Russian_to_Sinhala","/Users/lali/Documents/LUNA2/outputs/design-prototypes/youtube-thumbnail-home_kitchen_cookware_pilot_01-ordinary-target-language-large-pair-folders-20260704/by-support/RU__Russian/RU__SI__Russian_to_Sinhala/youtube_thumbnail.jpg","GEbcnlT-VfQ","https://www.youtube.com/watch?v=GEbcnlT-VfQ","","Сингальский A1","Кухонная посуда","Посуда и приборы. Базовый уровень."
"RU","SK","RU__Russian","RU__SK__Russian_to_Slovak","/Users/lali/Documents/LUNA2/outputs/design-prototypes/youtube-thumbnail-home_kitchen_cookware_pilot_01-ordinary-target-language-large-pair-folders-20260704/by-support/RU__Russian/RU__SK__Russian_to_Slovak/youtube_thumbnail.jpg","Omwgu2uCIkA","https://www.youtube.com/watch?v=Omwgu2uCIkA","","Словацкий A1","Кухонная посуда","Посуда и приборы. Базовый уровень."
"RU","SL","RU__Russian","RU__SL__Russian_to_Slovenian","/Users/lali/Documents/LUNA2/outputs/design-prototypes/youtube-thumbnail-home_kitchen_cookware_pilot_01-ordinary-target-language-large-pair-folders-20260704/by-support/RU__Russian/RU__SL__Russian_to_Slovenian/youtube_thumbnail.jpg","8kkvJQonEq4","https://www.youtube.com/watch?v=8kkvJQonEq4","","Словенский A1","Кухонная посуда","Посуда и приборы. Базовый уровень."
"RU","SR","RU__Russian","RU__SR__Russian_to_Serbian-Latin","/Users/lali/Documents/LUNA2/outputs/design-prototypes/youtube-thumbnail-home_kitchen_cookware_pilot_01-ordinary-target-language-large-pair-folders-20260704/by-support/RU__Russian/RU__SR__Russian_to_Serbian-Latin/youtube_thumbnail.jpg","uUGu7jY21uA","https://www.youtube.com/watch?v=uUGu7jY21uA","","Сербский (латиница) A1","Кухонная посуда","Посуда и приборы. Базовый уровень."
"RU","SV","RU__Russian","RU__SV__Russian_to_Swedish","/Users/lali/Documents/LUNA2/outputs/design-prototypes/youtube-thumbnail-home_kitchen_cookware_pilot_01-ordinary-target-language-large-pair-folders-20260704/by-support/RU__Russian/RU__SV__Russian_to_Swedish/youtube_thumbnail.jpg","HcpLmsGzLig","https://www.youtube.com/watch?v=HcpLmsGzLig","","Шведский A1","Кухонная посуда","Посуда и приборы. Базовый уровень."
"RU","TH","RU__Russian","RU__TH__Russian_to_Thai","/Users/lali/Documents/LUNA2/outputs/design-prototypes/youtube-thumbnail-home_kitchen_cookware_pilot_01-ordinary-target-language-large-pair-folders-20260704/by-support/RU__Russian/RU__TH__Russian_to_Thai/youtube_thumbnail.jpg","rqCWmK1zU6g","https://www.youtube.com/watch?v=rqCWmK1zU6g","@lunacardsru","Тайский A1","Кухонная посуда","Посуда и приборы. Базовый уровень."
"RU","VI","RU__Russian","RU__VI__Russian_to_Vietnamese","/Users/lali/Documents/LUNA2/outputs/design-prototypes/youtube-thumbnail-home_kitchen_cookware_pilot_01-ordinary-target-language-large-pair-folders-20260704/by-support/RU__Russian/RU__VI__Russian_to_Vietnamese/youtube_thumbnail.jpg","lcaUX2gUzVs","https://www.youtube.com/watch?v=lcaUX2gUzVs","@lunacardsru","Вьетнамский A1","Кухонная посуда","Посуда и приборы. Базовый уровень."
"RU","ZH","RU__Russian","RU__ZH__Russian_to_Chinese","/Users/lali/Documents/LUNA2/outputs/design-prototypes/youtube-thumbnail-home_kitchen_cookware_pilot_01-ordinary-target-language-large-pair-folders-20260704/by-support/RU__Russian/RU__ZH__Russian_to_Chinese/youtube_thumbnail.jpg","4CxoWTwo8J4","https://www.youtube.com/watch?v=4CxoWTwo8J4","@lunacardsru","Китайский A1","Кухонная посуда","Посуда и приборы. Базовый уровень."
"RU","ZH,JA,KO","RU__Russian","RU__ZH,JA,KO__Russian_to_ZH-JA-KO","/Users/lali/Documents/LUNA2/outputs/design-prototypes/youtube-thumbnail-home_kitchen_cookware_pilot_01-ordinary-target-language-large-pair-folders-20260704/by-support/RU__Russian/RU__ZH,JA,KO__Russian_to_ZH-JA-KO/youtube_thumbnail.jpg","UEsBbT3Vmaw","https://www.youtube.com/watch?v=UEsBbT3Vmaw","","ZH,JA,KO A1","Кухонная посуда","Посуда и приборы. Базовый уровень."
"SR","AZ","SR__Serbian-Latin","SR__AZ__Serbian-Latin_to_Azerbaijani","/Users/lali/Documents/LUNA2/outputs/design-prototypes/youtube-thumbnail-home_kitchen_cookware_pilot_01-ordinary-target-language-large-pair-folders-20260704/by-support/SR__Serbian-Latin/SR__AZ__Serbian-Latin_to_Azerbaijani/youtube_thumbnail.jpg","6Y5EU_pZFOI","https://www.youtube.com/watch?v=6Y5EU_pZFOI","@lunacardssrpski","Азербејџански A1","Kuhinjski pribor","Posuđe i pribor. Nivo za početnike."
"SR","BG","SR__Serbian-Latin","SR__BG__Serbian-Latin_to_Bulgarian","/Users/lali/Documents/LUNA2/outputs/design-prototypes/youtube-thumbnail-home_kitchen_cookware_pilot_01-ordinary-target-language-large-pair-folders-20260704/by-support/SR__Serbian-Latin/SR__BG__Serbian-Latin_to_Bulgarian/youtube_thumbnail.jpg","TyZ_d6Rk7dc","https://www.youtube.com/watch?v=TyZ_d6Rk7dc","@lunacardssrpski","Бугарски A1","Kuhinjski pribor","Posuđe i pribor. Nivo za početnike."
"SR","BN","SR__Serbian-Latin","SR__BN__Serbian-Latin_to_Bangla","/Users/lali/Documents/LUNA2/outputs/design-prototypes/youtube-thumbnail-home_kitchen_cookware_pilot_01-ordinary-target-language-large-pair-folders-20260704/by-support/SR__Serbian-Latin/SR__BN__Serbian-Latin_to_Bangla/youtube_thumbnail.jpg","19E9awDs9GQ","https://www.youtube.com/watch?v=19E9awDs9GQ","@lunacardssrpski","Бенгалски A1","Kuhinjski pribor","Posuđe i pribor. Nivo za početnike."
"SR","CS","SR__Serbian-Latin","SR__CS__Serbian-Latin_to_Czech","/Users/lali/Documents/LUNA2/outputs/design-prototypes/youtube-thumbnail-home_kitchen_cookware_pilot_01-ordinary-target-language-large-pair-folders-20260704/by-support/SR__Serbian-Latin/SR__CS__Serbian-Latin_to_Czech/youtube_thumbnail.jpg","jxwYee1qjzM","https://www.youtube.com/watch?v=jxwYee1qjzM","@lunacardssrpski","Чешки A1","Kuhinjski pribor","Posuđe i pribor. Nivo za početnike."
"SR","DA","SR__Serbian-Latin","SR__DA__Serbian-Latin_to_Danish","/Users/lali/Documents/LUNA2/outputs/design-prototypes/youtube-thumbnail-home_kitchen_cookware_pilot_01-ordinary-target-language-large-pair-folders-20260704/by-support/SR__Serbian-Latin/SR__DA__Serbian-Latin_to_Danish/youtube_thumbnail.jpg","zCk9ptR87U8","https://www.youtube.com/watch?v=zCk9ptR87U8","@lunacardssrpski","Дански A1","Kuhinjski pribor","Posuđe i pribor. Nivo za početnike."
"SR","DE","SR__Serbian-Latin","SR__DE__Serbian-Latin_to_German","/Users/lali/Documents/LUNA2/outputs/design-prototypes/youtube-thumbnail-home_kitchen_cookware_pilot_01-ordinary-target-language-large-pair-folders-20260704/by-support/SR__Serbian-Latin/SR__DE__Serbian-Latin_to_German/youtube_thumbnail.jpg","QAsiCAp9k1Q","https://www.youtube.com/watch?v=QAsiCAp9k1Q","@lunacardssrpski","Немачки A1","Kuhinjski pribor","Posuđe i pribor. Nivo za početnike."
"SR","EN","SR__Serbian-Latin","SR__EN__Serbian-Latin_to_English","/Users/lali/Documents/LUNA2/outputs/design-prototypes/youtube-thumbnail-home_kitchen_cookware_pilot_01-ordinary-target-language-large-pair-folders-20260704/by-support/SR__Serbian-Latin/SR__EN__Serbian-Latin_to_English/youtube_thumbnail.jpg","6v2wbu_9DMg","https://www.youtube.com/watch?v=6v2wbu_9DMg","@lunacardssrpski","Енглески A1","Kuhinjski pribor","Posuđe i pribor. Nivo za početnike."
"SR","EN-GB","SR__Serbian-Latin","SR__EN-GB__Serbian-Latin_to_English-United-Kingdom","/Users/lali/Documents/LUNA2/outputs/design-prototypes/youtube-thumbnail-home_kitchen_cookware_pilot_01-ordinary-target-language-large-pair-folders-20260704/by-support/SR__Serbian-Latin/SR__EN-GB__Serbian-Latin_to_English-United-Kingdom/youtube_thumbnail.jpg","FNosffllsS8","https://www.youtube.com/watch?v=FNosffllsS8","@lunacardssrpski","Енглески (Уједињено Краљевство) A1","Kuhinjski pribor","Posuđe i pribor. Nivo za početnike."
"SR","EN,ES,FR,DE","SR__Serbian-Latin","SR__EN,ES,FR,DE__Serbian-Latin_to_EN-ES-FR-DE","/Users/lali/Documents/LUNA2/outputs/design-prototypes/youtube-thumbnail-home_kitchen_cookware_pilot_01-ordinary-target-language-large-pair-folders-20260704/by-support/SR__Serbian-Latin/SR__EN,ES,FR,DE__Serbian-Latin_to_EN-ES-FR-DE/youtube_thumbnail.jpg","hSwe2oR0-KE","https://www.youtube.com/watch?v=hSwe2oR0-KE","","EN,ES,FR,DE A1","Kuhinjski pribor","Posuđe i pribor. Nivo za početnike."
"SR","ES","SR__Serbian-Latin","SR__ES__Serbian-Latin_to_Spanish","/Users/lali/Documents/LUNA2/outputs/design-prototypes/youtube-thumbnail-home_kitchen_cookware_pilot_01-ordinary-target-language-large-pair-folders-20260704/by-support/SR__Serbian-Latin/SR__ES__Serbian-Latin_to_Spanish/youtube_thumbnail.jpg","sr10FD8JtRg","https://www.youtube.com/watch?v=sr10FD8JtRg","@lunacardssrpski","Шпански A1","Kuhinjski pribor","Posuđe i pribor. Nivo za početnike."
"SR","ES-419","SR__Serbian-Latin","SR__ES-419__Serbian-Latin_to_Spanish-Latin-America","/Users/lali/Documents/LUNA2/outputs/design-prototypes/youtube-thumbnail-home_kitchen_cookware_pilot_01-ordinary-target-language-large-pair-folders-20260704/by-support/SR__Serbian-Latin/SR__ES-419__Serbian-Latin_to_Spanish-Latin-America/youtube_thumbnail.jpg","ZoVmdiDMCO0","https://www.youtube.com/watch?v=ZoVmdiDMCO0","@lunacardssrpski","Шпански (Латинска Америка) A1","Kuhinjski pribor","Posuđe i pribor. Nivo za početnike."
"SR","ES,FR,IT,PT","SR__Serbian-Latin","SR__ES,FR,IT,PT__Serbian-Latin_to_ES-FR-IT-PT","/Users/lali/Documents/LUNA2/outputs/design-prototypes/youtube-thumbnail-home_kitchen_cookware_pilot_01-ordinary-target-language-large-pair-folders-20260704/by-support/SR__Serbian-Latin/SR__ES,FR,IT,PT__Serbian-Latin_to_ES-FR-IT-PT/youtube_thumbnail.jpg","Oo9GHLmnOic","https://www.youtube.com/watch?v=Oo9GHLmnOic","","ES,FR,IT,PT A1","Kuhinjski pribor","Posuđe i pribor. Nivo za početnike."
"SR","ET","SR__Serbian-Latin","SR__ET__Serbian-Latin_to_Estonian","/Users/lali/Documents/LUNA2/outputs/design-prototypes/youtube-thumbnail-home_kitchen_cookware_pilot_01-ordinary-target-language-large-pair-folders-20260704/by-support/SR__Serbian-Latin/SR__ET__Serbian-Latin_to_Estonian/youtube_thumbnail.jpg","BzL1FVYn5gA","https://www.youtube.com/watch?v=BzL1FVYn5gA","@lunacardssrpski","Естонски A1","Kuhinjski pribor","Posuđe i pribor. Nivo za početnike."
"SR","FI","SR__Serbian-Latin","SR__FI__Serbian-Latin_to_Finnish","/Users/lali/Documents/LUNA2/outputs/design-prototypes/youtube-thumbnail-home_kitchen_cookware_pilot_01-ordinary-target-language-large-pair-folders-20260704/by-support/SR__Serbian-Latin/SR__FI__Serbian-Latin_to_Finnish/youtube_thumbnail.jpg","rulmucV-_ko","https://www.youtube.com/watch?v=rulmucV-_ko","@lunacardssrpski","Фински A1","Kuhinjski pribor","Posuđe i pribor. Nivo za početnike."
"SR","FR","SR__Serbian-Latin","SR__FR__Serbian-Latin_to_French","/Users/lali/Documents/LUNA2/outputs/design-prototypes/youtube-thumbnail-home_kitchen_cookware_pilot_01-ordinary-target-language-large-pair-folders-20260704/by-support/SR__Serbian-Latin/SR__FR__Serbian-Latin_to_French/youtube_thumbnail.jpg","DzEzfxuJKd4","https://www.youtube.com/watch?v=DzEzfxuJKd4","@lunacardssrpski","Француски A1","Kuhinjski pribor","Posuđe i pribor. Nivo za početnike."
"SR","HI","SR__Serbian-Latin","SR__HI__Serbian-Latin_to_Hindi","/Users/lali/Documents/LUNA2/outputs/design-prototypes/youtube-thumbnail-home_kitchen_cookware_pilot_01-ordinary-target-language-large-pair-folders-20260704/by-support/SR__Serbian-Latin/SR__HI__Serbian-Latin_to_Hindi/youtube_thumbnail.jpg","Ge3M-UixY54","https://www.youtube.com/watch?v=Ge3M-UixY54","@lunacardssrpski","Хинди A1","Kuhinjski pribor","Posuđe i pribor. Nivo za početnike."
"SR","HR","SR__Serbian-Latin","SR__HR__Serbian-Latin_to_Croatian","/Users/lali/Documents/LUNA2/outputs/design-prototypes/youtube-thumbnail-home_kitchen_cookware_pilot_01-ordinary-target-language-large-pair-folders-20260704/by-support/SR__Serbian-Latin/SR__HR__Serbian-Latin_to_Croatian/youtube_thumbnail.jpg","WeVZL-AbfCg","https://www.youtube.com/watch?v=WeVZL-AbfCg","@lunacardssrpski","Хрватски A1","Kuhinjski pribor","Posuđe i pribor. Nivo za početnike."
"SR","HU","SR__Serbian-Latin","SR__HU__Serbian-Latin_to_Hungarian","/Users/lali/Documents/LUNA2/outputs/design-prototypes/youtube-thumbnail-home_kitchen_cookware_pilot_01-ordinary-target-language-large-pair-folders-20260704/by-support/SR__Serbian-Latin/SR__HU__Serbian-Latin_to_Hungarian/youtube_thumbnail.jpg","3YwMjqv-ZcA","https://www.youtube.com/watch?v=3YwMjqv-ZcA","@lunacardssrpski","Мађарски A1","Kuhinjski pribor","Posuđe i pribor. Nivo za početnike."
"SR","HY","SR__Serbian-Latin","SR__HY__Serbian-Latin_to_Armenian","/Users/lali/Documents/LUNA2/outputs/design-prototypes/youtube-thumbnail-home_kitchen_cookware_pilot_01-ordinary-target-language-large-pair-folders-20260704/by-support/SR__Serbian-Latin/SR__HY__Serbian-Latin_to_Armenian/youtube_thumbnail.jpg","1HNH2nGWwIY","https://www.youtube.com/watch?v=1HNH2nGWwIY","@lunacardssrpski","Јерменски A1","Kuhinjski pribor","Posuđe i pribor. Nivo za početnike."
"SR","ID","SR__Serbian-Latin","SR__ID__Serbian-Latin_to_Indonesian","/Users/lali/Documents/LUNA2/outputs/design-prototypes/youtube-thumbnail-home_kitchen_cookware_pilot_01-ordinary-target-language-large-pair-folders-20260704/by-support/SR__Serbian-Latin/SR__ID__Serbian-Latin_to_Indonesian/youtube_thumbnail.jpg","QItn9XCKJIo","https://www.youtube.com/watch?v=QItn9XCKJIo","@lunacardssrpski","Индонежански A1","Kuhinjski pribor","Posuđe i pribor. Nivo za početnike."
"SR","IS","SR__Serbian-Latin","SR__IS__Serbian-Latin_to_Icelandic","/Users/lali/Documents/LUNA2/outputs/design-prototypes/youtube-thumbnail-home_kitchen_cookware_pilot_01-ordinary-target-language-large-pair-folders-20260704/by-support/SR__Serbian-Latin/SR__IS__Serbian-Latin_to_Icelandic/youtube_thumbnail.jpg","WimGvvfbCW0","https://www.youtube.com/watch?v=WimGvvfbCW0","@lunacardssrpski","Исландски A1","Kuhinjski pribor","Posuđe i pribor. Nivo za početnike."
"SR","IT","SR__Serbian-Latin","SR__IT__Serbian-Latin_to_Italian","/Users/lali/Documents/LUNA2/outputs/design-prototypes/youtube-thumbnail-home_kitchen_cookware_pilot_01-ordinary-target-language-large-pair-folders-20260704/by-support/SR__Serbian-Latin/SR__IT__Serbian-Latin_to_Italian/youtube_thumbnail.jpg","MYOg81JVRao","https://www.youtube.com/watch?v=MYOg81JVRao","@lunacardssrpski","Италијански A1","Kuhinjski pribor","Posuđe i pribor. Nivo za početnike."
"SR","JA","SR__Serbian-Latin","SR__JA__Serbian-Latin_to_Japanese","/Users/lali/Documents/LUNA2/outputs/design-prototypes/youtube-thumbnail-home_kitchen_cookware_pilot_01-ordinary-target-language-large-pair-folders-20260704/by-support/SR__Serbian-Latin/SR__JA__Serbian-Latin_to_Japanese/youtube_thumbnail.jpg","uanjqTA2iPo","https://www.youtube.com/watch?v=uanjqTA2iPo","@lunacardssrpski","Јапански A1","Kuhinjski pribor","Posuđe i pribor. Nivo za početnike."
"SR","KA","SR__Serbian-Latin","SR__KA__Serbian-Latin_to_Georgian","/Users/lali/Documents/LUNA2/outputs/design-prototypes/youtube-thumbnail-home_kitchen_cookware_pilot_01-ordinary-target-language-large-pair-folders-20260704/by-support/SR__Serbian-Latin/SR__KA__Serbian-Latin_to_Georgian/youtube_thumbnail.jpg","dEGuvxQkFGI","https://www.youtube.com/watch?v=dEGuvxQkFGI","@lunacardssrpski","Грузијски A1","Kuhinjski pribor","Posuđe i pribor. Nivo za početnike."
"SR","KK","SR__Serbian-Latin","SR__KK__Serbian-Latin_to_Kazakh","/Users/lali/Documents/LUNA2/outputs/design-prototypes/youtube-thumbnail-home_kitchen_cookware_pilot_01-ordinary-target-language-large-pair-folders-20260704/by-support/SR__Serbian-Latin/SR__KK__Serbian-Latin_to_Kazakh/youtube_thumbnail.jpg","icKzmbfLWPQ","https://www.youtube.com/watch?v=icKzmbfLWPQ","@lunacardssrpski","Казашки A1","Kuhinjski pribor","Posuđe i pribor. Nivo za početnike."
"SR","KM","SR__Serbian-Latin","SR__KM__Serbian-Latin_to_Khmer","/Users/lali/Documents/LUNA2/outputs/design-prototypes/youtube-thumbnail-home_kitchen_cookware_pilot_01-ordinary-target-language-large-pair-folders-20260704/by-support/SR__Serbian-Latin/SR__KM__Serbian-Latin_to_Khmer/youtube_thumbnail.jpg","YvATD6OKld0","https://www.youtube.com/watch?v=YvATD6OKld0","@lunacardssrpski","Кмерски A1","Kuhinjski pribor","Posuđe i pribor. Nivo za početnike."
"SR","KN","SR__Serbian-Latin","SR__KN__Serbian-Latin_to_Kannada","/Users/lali/Documents/LUNA2/outputs/design-prototypes/youtube-thumbnail-home_kitchen_cookware_pilot_01-ordinary-target-language-large-pair-folders-20260704/by-support/SR__Serbian-Latin/SR__KN__Serbian-Latin_to_Kannada/youtube_thumbnail.jpg","bks5szSyl5Y","https://www.youtube.com/watch?v=bks5szSyl5Y","@lunacardssrpski","Канада A1","Kuhinjski pribor","Posuđe i pribor. Nivo za početnike."
"SR","KO","SR__Serbian-Latin","SR__KO__Serbian-Latin_to_Korean","/Users/lali/Documents/LUNA2/outputs/design-prototypes/youtube-thumbnail-home_kitchen_cookware_pilot_01-ordinary-target-language-large-pair-folders-20260704/by-support/SR__Serbian-Latin/SR__KO__Serbian-Latin_to_Korean/youtube_thumbnail.jpg","N6S-if4cuns","https://www.youtube.com/watch?v=N6S-if4cuns","@lunacardssrpski","Корејски A1","Kuhinjski pribor","Posuđe i pribor. Nivo za početnike."
"SR","LO","SR__Serbian-Latin","SR__LO__Serbian-Latin_to_Lao","/Users/lali/Documents/LUNA2/outputs/design-prototypes/youtube-thumbnail-home_kitchen_cookware_pilot_01-ordinary-target-language-large-pair-folders-20260704/by-support/SR__Serbian-Latin/SR__LO__Serbian-Latin_to_Lao/youtube_thumbnail.jpg","qbZ70P-X2DE","https://www.youtube.com/watch?v=qbZ70P-X2DE","@lunacardssrpski","Лаоски A1","Kuhinjski pribor","Posuđe i pribor. Nivo za početnike."
"SR","LT","SR__Serbian-Latin","SR__LT__Serbian-Latin_to_Lithuanian","/Users/lali/Documents/LUNA2/outputs/design-prototypes/youtube-thumbnail-home_kitchen_cookware_pilot_01-ordinary-target-language-large-pair-folders-20260704/by-support/SR__Serbian-Latin/SR__LT__Serbian-Latin_to_Lithuanian/youtube_thumbnail.jpg","FnXIUfnGmO4","https://www.youtube.com/watch?v=FnXIUfnGmO4","@lunacardssrpski","Литвански A1","Kuhinjski pribor","Posuđe i pribor. Nivo za početnike."
"SR","LV","SR__Serbian-Latin","SR__LV__Serbian-Latin_to_Latvian","/Users/lali/Documents/LUNA2/outputs/design-prototypes/youtube-thumbnail-home_kitchen_cookware_pilot_01-ordinary-target-language-large-pair-folders-20260704/by-support/SR__Serbian-Latin/SR__LV__Serbian-Latin_to_Latvian/youtube_thumbnail.jpg","Z7RvKd0GmQY","https://www.youtube.com/watch?v=Z7RvKd0GmQY","@lunacardssrpski","Летонски A1","Kuhinjski pribor","Posuđe i pribor. Nivo za početnike."
"SR","ML","SR__Serbian-Latin","SR__ML__Serbian-Latin_to_Malayalam","/Users/lali/Documents/LUNA2/outputs/design-prototypes/youtube-thumbnail-home_kitchen_cookware_pilot_01-ordinary-target-language-large-pair-folders-20260704/by-support/SR__Serbian-Latin/SR__ML__Serbian-Latin_to_Malayalam/youtube_thumbnail.jpg","1Kmx6GiIwrg","https://www.youtube.com/watch?v=1Kmx6GiIwrg","@lunacardssrpski","Малајалам A1","Kuhinjski pribor","Posuđe i pribor. Nivo za početnike."
"SR","MS","SR__Serbian-Latin","SR__MS__Serbian-Latin_to_Malay","/Users/lali/Documents/LUNA2/outputs/design-prototypes/youtube-thumbnail-home_kitchen_cookware_pilot_01-ordinary-target-language-large-pair-folders-20260704/by-support/SR__Serbian-Latin/SR__MS__Serbian-Latin_to_Malay/youtube_thumbnail.jpg","ieQTq3719o4","https://www.youtube.com/watch?v=ieQTq3719o4","@lunacardssrpski","Малајски A1","Kuhinjski pribor","Posuđe i pribor. Nivo za početnike."
"SR","MY","SR__Serbian-Latin","SR__MY__Serbian-Latin_to_Burmese","/Users/lali/Documents/LUNA2/outputs/design-prototypes/youtube-thumbnail-home_kitchen_cookware_pilot_01-ordinary-target-language-large-pair-folders-20260704/by-support/SR__Serbian-Latin/SR__MY__Serbian-Latin_to_Burmese/youtube_thumbnail.jpg","U2-npZf50kg","https://www.youtube.com/watch?v=U2-npZf50kg","@lunacardssrpski","Бурмански A1","Kuhinjski pribor","Posuđe i pribor. Nivo za početnike."
"SR","NB","SR__Serbian-Latin","SR__NB__Serbian-Latin_to_Norwegian-Bokmal","/Users/lali/Documents/LUNA2/outputs/design-prototypes/youtube-thumbnail-home_kitchen_cookware_pilot_01-ordinary-target-language-large-pair-folders-20260704/by-support/SR__Serbian-Latin/SR__NB__Serbian-Latin_to_Norwegian-Bokmal/youtube_thumbnail.jpg","EeWp8RHulI4","https://www.youtube.com/watch?v=EeWp8RHulI4","","Норвешки букмол A1","Kuhinjski pribor","Posuđe i pribor. Nivo za početnike."
"SR","NE","SR__Serbian-Latin","SR__NE__Serbian-Latin_to_Nepali","/Users/lali/Documents/LUNA2/outputs/design-prototypes/youtube-thumbnail-home_kitchen_cookware_pilot_01-ordinary-target-language-large-pair-folders-20260704/by-support/SR__Serbian-Latin/SR__NE__Serbian-Latin_to_Nepali/youtube_thumbnail.jpg","gG9p74p-_5A","https://www.youtube.com/watch?v=gG9p74p-_5A","","Непалски A1","Kuhinjski pribor","Posuđe i pribor. Nivo za početnike."
"SR","NL","SR__Serbian-Latin","SR__NL__Serbian-Latin_to_Dutch","/Users/lali/Documents/LUNA2/outputs/design-prototypes/youtube-thumbnail-home_kitchen_cookware_pilot_01-ordinary-target-language-large-pair-folders-20260704/by-support/SR__Serbian-Latin/SR__NL__Serbian-Latin_to_Dutch/youtube_thumbnail.jpg","2-b9fR5d5LU","https://www.youtube.com/watch?v=2-b9fR5d5LU","","Холандски A1","Kuhinjski pribor","Posuđe i pribor. Nivo za početnike."
"SR","NO","SR__Serbian-Latin","SR__NO__Serbian-Latin_to_Norwegian-Bokmal","/Users/lali/Documents/LUNA2/outputs/design-prototypes/youtube-thumbnail-home_kitchen_cookware_pilot_01-ordinary-target-language-large-pair-folders-20260704/by-support/SR__Serbian-Latin/SR__NO__Serbian-Latin_to_Norwegian-Bokmal/youtube_thumbnail.jpg","EeWp8RHulI4","https://www.youtube.com/watch?v=EeWp8RHulI4","","Норвешки букмол A1","Kuhinjski pribor","Posuđe i pribor. Nivo za početnike."
"SR","PL","SR__Serbian-Latin","SR__PL__Serbian-Latin_to_Polish","/Users/lali/Documents/LUNA2/outputs/design-prototypes/youtube-thumbnail-home_kitchen_cookware_pilot_01-ordinary-target-language-large-pair-folders-20260704/by-support/SR__Serbian-Latin/SR__PL__Serbian-Latin_to_Polish/youtube_thumbnail.jpg","6xJoKiFlXZo","https://www.youtube.com/watch?v=6xJoKiFlXZo","@lunacardssrpski","Пољски A1","Kuhinjski pribor","Posuđe i pribor. Nivo za početnike."
"SR","PT","SR__Serbian-Latin","SR__PT__Serbian-Latin_to_Portuguese","/Users/lali/Documents/LUNA2/outputs/design-prototypes/youtube-thumbnail-home_kitchen_cookware_pilot_01-ordinary-target-language-large-pair-folders-20260704/by-support/SR__Serbian-Latin/SR__PT__Serbian-Latin_to_Portuguese/youtube_thumbnail.jpg","ucQ5JFdn3Bw","https://www.youtube.com/watch?v=ucQ5JFdn3Bw","@lunacardssrpski","Португалски A1","Kuhinjski pribor","Posuđe i pribor. Nivo za početnike."
"SR","PT-BR","SR__Serbian-Latin","SR__PT-BR__Serbian-Latin_to_Portuguese-Brazil","/Users/lali/Documents/LUNA2/outputs/design-prototypes/youtube-thumbnail-home_kitchen_cookware_pilot_01-ordinary-target-language-large-pair-folders-20260704/by-support/SR__Serbian-Latin/SR__PT-BR__Serbian-Latin_to_Portuguese-Brazil/youtube_thumbnail.jpg","aUj0BvVS_Kw","https://www.youtube.com/watch?v=aUj0BvVS_Kw","@lunacardssrpski","Португалски (Бразил) A1","Kuhinjski pribor","Posuđe i pribor. Nivo za početnike."
"SR","RO","SR__Serbian-Latin","SR__RO__Serbian-Latin_to_Romanian","/Users/lali/Documents/LUNA2/outputs/design-prototypes/youtube-thumbnail-home_kitchen_cookware_pilot_01-ordinary-target-language-large-pair-folders-20260704/by-support/SR__Serbian-Latin/SR__RO__Serbian-Latin_to_Romanian/youtube_thumbnail.jpg","VvBNA-GK1f4","https://www.youtube.com/watch?v=VvBNA-GK1f4","@lunacardssrpski","Румунски A1","Kuhinjski pribor","Posuđe i pribor. Nivo za početnike."
"SR","RU","SR__Serbian-Latin","SR__RU__Serbian-Latin_to_Russian","/Users/lali/Documents/LUNA2/outputs/design-prototypes/youtube-thumbnail-home_kitchen_cookware_pilot_01-ordinary-target-language-large-pair-folders-20260704/by-support/SR__Serbian-Latin/SR__RU__Serbian-Latin_to_Russian/youtube_thumbnail.jpg","_1ZGdvE4lCA","https://www.youtube.com/watch?v=_1ZGdvE4lCA","@lunacardssrpski","Руски A1","Kuhinjski pribor","Posuđe i pribor. Nivo za početnike."
"SR","RU,PL,CS,SK","SR__Serbian-Latin","SR__RU,PL,CS,SK__Serbian-Latin_to_RU-PL-CS-SK","/Users/lali/Documents/LUNA2/outputs/design-prototypes/youtube-thumbnail-home_kitchen_cookware_pilot_01-ordinary-target-language-large-pair-folders-20260704/by-support/SR__Serbian-Latin/SR__RU,PL,CS,SK__Serbian-Latin_to_RU-PL-CS-SK/youtube_thumbnail.jpg","7tjkOyrnaRA","https://www.youtube.com/watch?v=7tjkOyrnaRA","","RU,PL,CS,SK A1","Kuhinjski pribor","Posuđe i pribor. Nivo za početnike."
"SR","SI","SR__Serbian-Latin","SR__SI__Serbian-Latin_to_Sinhala","/Users/lali/Documents/LUNA2/outputs/design-prototypes/youtube-thumbnail-home_kitchen_cookware_pilot_01-ordinary-target-language-large-pair-folders-20260704/by-support/SR__Serbian-Latin/SR__SI__Serbian-Latin_to_Sinhala/youtube_thumbnail.jpg","25lG-W1qo5c","https://www.youtube.com/watch?v=25lG-W1qo5c","@lunacardssrpski","Синхалешки A1","Kuhinjski pribor","Posuđe i pribor. Nivo za početnike."
"SR","SK","SR__Serbian-Latin","SR__SK__Serbian-Latin_to_Slovak","/Users/lali/Documents/LUNA2/outputs/design-prototypes/youtube-thumbnail-home_kitchen_cookware_pilot_01-ordinary-target-language-large-pair-folders-20260704/by-support/SR__Serbian-Latin/SR__SK__Serbian-Latin_to_Slovak/youtube_thumbnail.jpg","r9ERBG-S5rc","https://www.youtube.com/watch?v=r9ERBG-S5rc","@lunacardssrpski","Словачки A1","Kuhinjski pribor","Posuđe i pribor. Nivo za početnike."
"SR","SL","SR__Serbian-Latin","SR__SL__Serbian-Latin_to_Slovenian","/Users/lali/Documents/LUNA2/outputs/design-prototypes/youtube-thumbnail-home_kitchen_cookware_pilot_01-ordinary-target-language-large-pair-folders-20260704/by-support/SR__Serbian-Latin/SR__SL__Serbian-Latin_to_Slovenian/youtube_thumbnail.jpg","6Fl0MEJ62G4","https://www.youtube.com/watch?v=6Fl0MEJ62G4","@lunacardssrpski","Словеначки A1","Kuhinjski pribor","Posuđe i pribor. Nivo za početnike."
"SR","SV","SR__Serbian-Latin","SR__SV__Serbian-Latin_to_Swedish","/Users/lali/Documents/LUNA2/outputs/design-prototypes/youtube-thumbnail-home_kitchen_cookware_pilot_01-ordinary-target-language-large-pair-folders-20260704/by-support/SR__Serbian-Latin/SR__SV__Serbian-Latin_to_Swedish/youtube_thumbnail.jpg","l5fxqXjA89w","https://www.youtube.com/watch?v=l5fxqXjA89w","@lunacardssrpski","Шведски A1","Kuhinjski pribor","Posuđe i pribor. Nivo za početnike."
"SR","SW","SR__Serbian-Latin","SR__SW__Serbian-Latin_to_Swahili","/Users/lali/Documents/LUNA2/outputs/design-prototypes/youtube-thumbnail-home_kitchen_cookware_pilot_01-ordinary-target-language-large-pair-folders-20260704/by-support/SR__Serbian-Latin/SR__SW__Serbian-Latin_to_Swahili/youtube_thumbnail.jpg","XNx9g6u7x54","https://www.youtube.com/watch?v=XNx9g6u7x54","@lunacardssrpski","Свахили A1","Kuhinjski pribor","Posuđe i pribor. Nivo za početnike."
"SR","TA","SR__Serbian-Latin","SR__TA__Serbian-Latin_to_Tamil","/Users/lali/Documents/LUNA2/outputs/design-prototypes/youtube-thumbnail-home_kitchen_cookware_pilot_01-ordinary-target-language-large-pair-folders-20260704/by-support/SR__Serbian-Latin/SR__TA__Serbian-Latin_to_Tamil/youtube_thumbnail.jpg","9B9Yl2ms7E4","https://www.youtube.com/watch?v=9B9Yl2ms7E4","@lunacardssrpski","Тамилски A1","Kuhinjski pribor","Posuđe i pribor. Nivo za početnike."
"SR","TE","SR__Serbian-Latin","SR__TE__Serbian-Latin_to_Telugu","/Users/lali/Documents/LUNA2/outputs/design-prototypes/youtube-thumbnail-home_kitchen_cookware_pilot_01-ordinary-target-language-large-pair-folders-20260704/by-support/SR__Serbian-Latin/SR__TE__Serbian-Latin_to_Telugu/youtube_thumbnail.jpg","cXqtnQNFIrk","https://www.youtube.com/watch?v=cXqtnQNFIrk","@lunacardssrpski","Телугу A1","Kuhinjski pribor","Posuđe i pribor. Nivo za početnike."
"SR","TH","SR__Serbian-Latin","SR__TH__Serbian-Latin_to_Thai","/Users/lali/Documents/LUNA2/outputs/design-prototypes/youtube-thumbnail-home_kitchen_cookware_pilot_01-ordinary-target-language-large-pair-folders-20260704/by-support/SR__Serbian-Latin/SR__TH__Serbian-Latin_to_Thai/youtube_thumbnail.jpg","7C8io9Z6O_g","https://www.youtube.com/watch?v=7C8io9Z6O_g","","Тајски A1","Kuhinjski pribor","Posuđe i pribor. Nivo za početnike."
"SR","TL","SR__Serbian-Latin","SR__TL__Serbian-Latin_to_Filipino","/Users/lali/Documents/LUNA2/outputs/design-prototypes/youtube-thumbnail-home_kitchen_cookware_pilot_01-ordinary-target-language-large-pair-folders-20260704/by-support/SR__Serbian-Latin/SR__TL__Serbian-Latin_to_Filipino/youtube_thumbnail.jpg","3QlrJxPY6LA","https://www.youtube.com/watch?v=3QlrJxPY6LA","","Филипински A1","Kuhinjski pribor","Posuđe i pribor. Nivo za početnike."
"SR","TR","SR__Serbian-Latin","SR__TR__Serbian-Latin_to_Turkish","/Users/lali/Documents/LUNA2/outputs/design-prototypes/youtube-thumbnail-home_kitchen_cookware_pilot_01-ordinary-target-language-large-pair-folders-20260704/by-support/SR__Serbian-Latin/SR__TR__Serbian-Latin_to_Turkish/youtube_thumbnail.jpg","hcRyWXqQOZk","https://www.youtube.com/watch?v=hcRyWXqQOZk","","Турски A1","Kuhinjski pribor","Posuđe i pribor. Nivo za početnike."
"SR","UZ","SR__Serbian-Latin","SR__UZ__Serbian-Latin_to_Uzbek","/Users/lali/Documents/LUNA2/outputs/design-prototypes/youtube-thumbnail-home_kitchen_cookware_pilot_01-ordinary-target-language-large-pair-folders-20260704/by-support/SR__Serbian-Latin/SR__UZ__Serbian-Latin_to_Uzbek/youtube_thumbnail.jpg","Qlzz-TD9EOU","https://www.youtube.com/watch?v=Qlzz-TD9EOU","","Узбечки A1","Kuhinjski pribor","Posuđe i pribor. Nivo za početnike."
"SR","VI","SR__Serbian-Latin","SR__VI__Serbian-Latin_to_Vietnamese","/Users/lali/Documents/LUNA2/outputs/design-prototypes/youtube-thumbnail-home_kitchen_cookware_pilot_01-ordinary-target-language-large-pair-folders-20260704/by-support/SR__Serbian-Latin/SR__VI__Serbian-Latin_to_Vietnamese/youtube_thumbnail.jpg","CztEdTQtGJw","https://www.youtube.com/watch?v=CztEdTQtGJw","","Вијетнамски A1","Kuhinjski pribor","Posuđe i pribor. Nivo za početnike."
"SR","ZH","SR__Serbian-Latin","SR__ZH__Serbian-Latin_to_Chinese","/Users/lali/Documents/LUNA2/outputs/design-prototypes/youtube-thumbnail-home_kitchen_cookware_pilot_01-ordinary-target-language-large-pair-folders-20260704/by-support/SR__Serbian-Latin/SR__ZH__Serbian-Latin_to_Chinese/youtube_thumbnail.jpg","ySRc39nTI4o","https://www.youtube.com/watch?v=ySRc39nTI4o","@lunacardssrpski","Кинески A1","Kuhinjski pribor","Posuđe i pribor. Nivo za početnike."
"SR","ZH,JA,KO","SR__Serbian-Latin","SR__ZH,JA,KO__Serbian-Latin_to_ZH-JA-KO","/Users/lali/Documents/LUNA2/outputs/design-prototypes/youtube-thumbnail-home_kitchen_cookware_pilot_01-ordinary-target-language-large-pair-folders-20260704/by-support/SR__Serbian-Latin/SR__ZH,JA,KO__Serbian-Latin_to_ZH-JA-KO/youtube_thumbnail.jpg","jDFFlB6U4Ro","https://www.youtube.com/watch?v=jDFFlB6U4Ro","","ZH,JA,KO A1","Kuhinjski pribor","Posuđe i pribor. Nivo za početnike."
"SW","AZ","SW__Swahili","SW__AZ__Swahili_to_Azerbaijani","/Users/lali/Documents/LUNA2/outputs/design-prototypes/youtube-thumbnail-home_kitchen_cookware_pilot_01-ordinary-target-language-large-pair-folders-20260704/by-support/SW__Swahili/SW__AZ__Swahili_to_Azerbaijani/youtube_thumbnail.jpg","Av6gpKbvm-w","https://www.youtube.com/watch?v=Av6gpKbvm-w","@lunacardsswahili","Kiazerbaijani A1","Vifaa vya jikoni","Vyombo na vifaa. Kiwango cha msingi."
"SW","BG","SW__Swahili","SW__BG__Swahili_to_Bulgarian","/Users/lali/Documents/LUNA2/outputs/design-prototypes/youtube-thumbnail-home_kitchen_cookware_pilot_01-ordinary-target-language-large-pair-folders-20260704/by-support/SW__Swahili/SW__BG__Swahili_to_Bulgarian/youtube_thumbnail.jpg","MNmub_0FWYc","https://www.youtube.com/watch?v=MNmub_0FWYc","@lunacardsswahili","Kibulgaria A1","Vifaa vya jikoni","Vyombo na vifaa. Kiwango cha msingi."
"SW","BN","SW__Swahili","SW__BN__Swahili_to_Bangla","/Users/lali/Documents/LUNA2/outputs/design-prototypes/youtube-thumbnail-home_kitchen_cookware_pilot_01-ordinary-target-language-large-pair-folders-20260704/by-support/SW__Swahili/SW__BN__Swahili_to_Bangla/youtube_thumbnail.jpg","p_EFY9VVekM","https://www.youtube.com/watch?v=p_EFY9VVekM","@lunacardsswahili","Kibengali A1","Vifaa vya jikoni","Vyombo na vifaa. Kiwango cha msingi."
"SW","CS","SW__Swahili","SW__CS__Swahili_to_Czech","/Users/lali/Documents/LUNA2/outputs/design-prototypes/youtube-thumbnail-home_kitchen_cookware_pilot_01-ordinary-target-language-large-pair-folders-20260704/by-support/SW__Swahili/SW__CS__Swahili_to_Czech/youtube_thumbnail.jpg","5pmit1kwads","https://www.youtube.com/watch?v=5pmit1kwads","@lunacardsswahili","Kicheki A1","Vifaa vya jikoni","Vyombo na vifaa. Kiwango cha msingi."
"SW","DA","SW__Swahili","SW__DA__Swahili_to_Danish","/Users/lali/Documents/LUNA2/outputs/design-prototypes/youtube-thumbnail-home_kitchen_cookware_pilot_01-ordinary-target-language-large-pair-folders-20260704/by-support/SW__Swahili/SW__DA__Swahili_to_Danish/youtube_thumbnail.jpg","Tr-fRbVDxnw","https://www.youtube.com/watch?v=Tr-fRbVDxnw","@lunacardsswahili","Kidenmaki A1","Vifaa vya jikoni","Vyombo na vifaa. Kiwango cha msingi."
"SW","DE","SW__Swahili","SW__DE__Swahili_to_German","/Users/lali/Documents/LUNA2/outputs/design-prototypes/youtube-thumbnail-home_kitchen_cookware_pilot_01-ordinary-target-language-large-pair-folders-20260704/by-support/SW__Swahili/SW__DE__Swahili_to_German/youtube_thumbnail.jpg","f5VBwgwjpVc","https://www.youtube.com/watch?v=f5VBwgwjpVc","@lunacardsswahili","Kijerumani A1","Vifaa vya jikoni","Vyombo na vifaa. Kiwango cha msingi."
"SW","EN","SW__Swahili","SW__EN__Swahili_to_English","/Users/lali/Documents/LUNA2/outputs/design-prototypes/youtube-thumbnail-home_kitchen_cookware_pilot_01-ordinary-target-language-large-pair-folders-20260704/by-support/SW__Swahili/SW__EN__Swahili_to_English/youtube_thumbnail.jpg","n4Mq25nUepc","https://www.youtube.com/watch?v=n4Mq25nUepc","@lunacardsswahili","Kiingereza A1","Vifaa vya jikoni","Vyombo na vifaa. Kiwango cha msingi."
"SW","EN-GB","SW__Swahili","SW__EN-GB__Swahili_to_English-United-Kingdom","/Users/lali/Documents/LUNA2/outputs/design-prototypes/youtube-thumbnail-home_kitchen_cookware_pilot_01-ordinary-target-language-large-pair-folders-20260704/by-support/SW__Swahili/SW__EN-GB__Swahili_to_English-United-Kingdom/youtube_thumbnail.jpg","nEaxBE39gVQ","https://www.youtube.com/watch?v=nEaxBE39gVQ","@lunacardsswahili","Kiingereza (Ufalme wa Muungano) A1","Vifaa vya jikoni","Vyombo na vifaa. Kiwango cha msingi."
"SW","EN,ES,FR,DE","SW__Swahili","SW__EN,ES,FR,DE__Swahili_to_EN-ES-FR-DE","/Users/lali/Documents/LUNA2/outputs/design-prototypes/youtube-thumbnail-home_kitchen_cookware_pilot_01-ordinary-target-language-large-pair-folders-20260704/by-support/SW__Swahili/SW__EN,ES,FR,DE__Swahili_to_EN-ES-FR-DE/youtube_thumbnail.jpg","oOy7NcwDQEY","https://www.youtube.com/watch?v=oOy7NcwDQEY","","EN,ES,FR,DE A1","Vifaa vya jikoni","Vyombo na vifaa. Kiwango cha msingi."
"SW","ES","SW__Swahili","SW__ES__Swahili_to_Spanish","/Users/lali/Documents/LUNA2/outputs/design-prototypes/youtube-thumbnail-home_kitchen_cookware_pilot_01-ordinary-target-language-large-pair-folders-20260704/by-support/SW__Swahili/SW__ES__Swahili_to_Spanish/youtube_thumbnail.jpg","ygtKupy71Ok","https://www.youtube.com/watch?v=ygtKupy71Ok","@lunacardsswahili","Kihispania A1","Vifaa vya jikoni","Vyombo na vifaa. Kiwango cha msingi."
"SW","ES-419","SW__Swahili","SW__ES-419__Swahili_to_Spanish-Latin-America","/Users/lali/Documents/LUNA2/outputs/design-prototypes/youtube-thumbnail-home_kitchen_cookware_pilot_01-ordinary-target-language-large-pair-folders-20260704/by-support/SW__Swahili/SW__ES-419__Swahili_to_Spanish-Latin-America/youtube_thumbnail.jpg","69vcWU07WA4","https://www.youtube.com/watch?v=69vcWU07WA4","@lunacardsswahili","Kihispania (Amerika ya Kilatini) A1","Vifaa vya jikoni","Vyombo na vifaa. Kiwango cha msingi."
"SW","ES,FR,IT,PT","SW__Swahili","SW__ES,FR,IT,PT__Swahili_to_ES-FR-IT-PT","/Users/lali/Documents/LUNA2/outputs/design-prototypes/youtube-thumbnail-home_kitchen_cookware_pilot_01-ordinary-target-language-large-pair-folders-20260704/by-support/SW__Swahili/SW__ES,FR,IT,PT__Swahili_to_ES-FR-IT-PT/youtube_thumbnail.jpg","FeAPt8lgsbA","https://www.youtube.com/watch?v=FeAPt8lgsbA","","ES,FR,IT,PT A1","Vifaa vya jikoni","Vyombo na vifaa. Kiwango cha msingi."
"SW","ET","SW__Swahili","SW__ET__Swahili_to_Estonian","/Users/lali/Documents/LUNA2/outputs/design-prototypes/youtube-thumbnail-home_kitchen_cookware_pilot_01-ordinary-target-language-large-pair-folders-20260704/by-support/SW__Swahili/SW__ET__Swahili_to_Estonian/youtube_thumbnail.jpg","VfXuXm3QKRU","https://www.youtube.com/watch?v=VfXuXm3QKRU","@lunacardsswahili","Kiestonia A1","Vifaa vya jikoni","Vyombo na vifaa. Kiwango cha msingi."
"SW","FI","SW__Swahili","SW__FI__Swahili_to_Finnish","/Users/lali/Documents/LUNA2/outputs/design-prototypes/youtube-thumbnail-home_kitchen_cookware_pilot_01-ordinary-target-language-large-pair-folders-20260704/by-support/SW__Swahili/SW__FI__Swahili_to_Finnish/youtube_thumbnail.jpg","QDddzJIj4GA","https://www.youtube.com/watch?v=QDddzJIj4GA","@lunacardsswahili","Kifini A1","Vifaa vya jikoni","Vyombo na vifaa. Kiwango cha msingi."
"SW","FR","SW__Swahili","SW__FR__Swahili_to_French","/Users/lali/Documents/LUNA2/outputs/design-prototypes/youtube-thumbnail-home_kitchen_cookware_pilot_01-ordinary-target-language-large-pair-folders-20260704/by-support/SW__Swahili/SW__FR__Swahili_to_French/youtube_thumbnail.jpg","MO8jhhZNi1I","https://www.youtube.com/watch?v=MO8jhhZNi1I","@lunacardsswahili","Kifaransa A1","Vifaa vya jikoni","Vyombo na vifaa. Kiwango cha msingi."
"SW","HI","SW__Swahili","SW__HI__Swahili_to_Hindi","/Users/lali/Documents/LUNA2/outputs/design-prototypes/youtube-thumbnail-home_kitchen_cookware_pilot_01-ordinary-target-language-large-pair-folders-20260704/by-support/SW__Swahili/SW__HI__Swahili_to_Hindi/youtube_thumbnail.jpg","L6NR4nurFag","https://www.youtube.com/watch?v=L6NR4nurFag","","Kihindi A1","Vifaa vya jikoni","Vyombo na vifaa. Kiwango cha msingi."
"SW","HR","SW__Swahili","SW__HR__Swahili_to_Croatian","/Users/lali/Documents/LUNA2/outputs/design-prototypes/youtube-thumbnail-home_kitchen_cookware_pilot_01-ordinary-target-language-large-pair-folders-20260704/by-support/SW__Swahili/SW__HR__Swahili_to_Croatian/youtube_thumbnail.jpg","Fy5mY2rzJAM","https://www.youtube.com/watch?v=Fy5mY2rzJAM","","Kikorasia A1","Vifaa vya jikoni","Vyombo na vifaa. Kiwango cha msingi."
"SW","HU","SW__Swahili","SW__HU__Swahili_to_Hungarian","/Users/lali/Documents/LUNA2/outputs/design-prototypes/youtube-thumbnail-home_kitchen_cookware_pilot_01-ordinary-target-language-large-pair-folders-20260704/by-support/SW__Swahili/SW__HU__Swahili_to_Hungarian/youtube_thumbnail.jpg","xn_oisFqrAY","https://www.youtube.com/watch?v=xn_oisFqrAY","","Kihungaria A1","Vifaa vya jikoni","Vyombo na vifaa. Kiwango cha msingi."
"SW","HY","SW__Swahili","SW__HY__Swahili_to_Armenian","/Users/lali/Documents/LUNA2/outputs/design-prototypes/youtube-thumbnail-home_kitchen_cookware_pilot_01-ordinary-target-language-large-pair-folders-20260704/by-support/SW__Swahili/SW__HY__Swahili_to_Armenian/youtube_thumbnail.jpg","0Wdnak7yUqs","https://www.youtube.com/watch?v=0Wdnak7yUqs","@lunacardsswahili","Kiarmenia A1","Vifaa vya jikoni","Vyombo na vifaa. Kiwango cha msingi."
"SW","ID","SW__Swahili","SW__ID__Swahili_to_Indonesian","/Users/lali/Documents/LUNA2/outputs/design-prototypes/youtube-thumbnail-home_kitchen_cookware_pilot_01-ordinary-target-language-large-pair-folders-20260704/by-support/SW__Swahili/SW__ID__Swahili_to_Indonesian/youtube_thumbnail.jpg","K4WeY5CwkM0","https://www.youtube.com/watch?v=K4WeY5CwkM0","@lunacardsswahili","Kiindonesia A1","Vifaa vya jikoni","Vyombo na vifaa. Kiwango cha msingi."
"SW","IS","SW__Swahili","SW__IS__Swahili_to_Icelandic","/Users/lali/Documents/LUNA2/outputs/design-prototypes/youtube-thumbnail-home_kitchen_cookware_pilot_01-ordinary-target-language-large-pair-folders-20260704/by-support/SW__Swahili/SW__IS__Swahili_to_Icelandic/youtube_thumbnail.jpg","jGVKA_MVTnw","https://www.youtube.com/watch?v=jGVKA_MVTnw","@lunacardsswahili","Kiisilandi A1","Vifaa vya jikoni","Vyombo na vifaa. Kiwango cha msingi."
"SW","IT","SW__Swahili","SW__IT__Swahili_to_Italian","/Users/lali/Documents/LUNA2/outputs/design-prototypes/youtube-thumbnail-home_kitchen_cookware_pilot_01-ordinary-target-language-large-pair-folders-20260704/by-support/SW__Swahili/SW__IT__Swahili_to_Italian/youtube_thumbnail.jpg","deST2G7X-bQ","https://www.youtube.com/watch?v=deST2G7X-bQ","@lunacardsswahili","Kiitaliano A1","Vifaa vya jikoni","Vyombo na vifaa. Kiwango cha msingi."
"SW","JA","SW__Swahili","SW__JA__Swahili_to_Japanese","/Users/lali/Documents/LUNA2/outputs/design-prototypes/youtube-thumbnail-home_kitchen_cookware_pilot_01-ordinary-target-language-large-pair-folders-20260704/by-support/SW__Swahili/SW__JA__Swahili_to_Japanese/youtube_thumbnail.jpg","ZlAHZOv9oxc","https://www.youtube.com/watch?v=ZlAHZOv9oxc","@lunacardsswahili","Kijapani A1","Vifaa vya jikoni","Vyombo na vifaa. Kiwango cha msingi."
"SW","KA","SW__Swahili","SW__KA__Swahili_to_Georgian","/Users/lali/Documents/LUNA2/outputs/design-prototypes/youtube-thumbnail-home_kitchen_cookware_pilot_01-ordinary-target-language-large-pair-folders-20260704/by-support/SW__Swahili/SW__KA__Swahili_to_Georgian/youtube_thumbnail.jpg","kI6Q69F4EI4","https://www.youtube.com/watch?v=kI6Q69F4EI4","@lunacardsswahili","Kijojia A1","Vifaa vya jikoni","Vyombo na vifaa. Kiwango cha msingi."
"SW","KK","SW__Swahili","SW__KK__Swahili_to_Kazakh","/Users/lali/Documents/LUNA2/outputs/design-prototypes/youtube-thumbnail-home_kitchen_cookware_pilot_01-ordinary-target-language-large-pair-folders-20260704/by-support/SW__Swahili/SW__KK__Swahili_to_Kazakh/youtube_thumbnail.jpg","qU5a79QyHUY","https://www.youtube.com/watch?v=qU5a79QyHUY","@lunacardsswahili","Kikazakh A1","Vifaa vya jikoni","Vyombo na vifaa. Kiwango cha msingi."
"SW","KM","SW__Swahili","SW__KM__Swahili_to_Khmer","/Users/lali/Documents/LUNA2/outputs/design-prototypes/youtube-thumbnail-home_kitchen_cookware_pilot_01-ordinary-target-language-large-pair-folders-20260704/by-support/SW__Swahili/SW__KM__Swahili_to_Khmer/youtube_thumbnail.jpg","Ecql3s08P_M","https://www.youtube.com/watch?v=Ecql3s08P_M","@lunacardsswahili","Kikambodia A1","Vifaa vya jikoni","Vyombo na vifaa. Kiwango cha msingi."
"SW","KN","SW__Swahili","SW__KN__Swahili_to_Kannada","/Users/lali/Documents/LUNA2/outputs/design-prototypes/youtube-thumbnail-home_kitchen_cookware_pilot_01-ordinary-target-language-large-pair-folders-20260704/by-support/SW__Swahili/SW__KN__Swahili_to_Kannada/youtube_thumbnail.jpg","n24HcMreCik","https://www.youtube.com/watch?v=n24HcMreCik","@lunacardsswahili","Kikannada A1","Vifaa vya jikoni","Vyombo na vifaa. Kiwango cha msingi."
"SW","KO","SW__Swahili","SW__KO__Swahili_to_Korean","/Users/lali/Documents/LUNA2/outputs/design-prototypes/youtube-thumbnail-home_kitchen_cookware_pilot_01-ordinary-target-language-large-pair-folders-20260704/by-support/SW__Swahili/SW__KO__Swahili_to_Korean/youtube_thumbnail.jpg","PTkPD4WoJr4","https://www.youtube.com/watch?v=PTkPD4WoJr4","@lunacardsswahili","Kikorea A1","Vifaa vya jikoni","Vyombo na vifaa. Kiwango cha msingi."
"SW","LO","SW__Swahili","SW__LO__Swahili_to_Lao","/Users/lali/Documents/LUNA2/outputs/design-prototypes/youtube-thumbnail-home_kitchen_cookware_pilot_01-ordinary-target-language-large-pair-folders-20260704/by-support/SW__Swahili/SW__LO__Swahili_to_Lao/youtube_thumbnail.jpg","2tHEgKLHZF8","https://www.youtube.com/watch?v=2tHEgKLHZF8","@lunacardsswahili","Kilaosi A1","Vifaa vya jikoni","Vyombo na vifaa. Kiwango cha msingi."
"SW","LT","SW__Swahili","SW__LT__Swahili_to_Lithuanian","/Users/lali/Documents/LUNA2/outputs/design-prototypes/youtube-thumbnail-home_kitchen_cookware_pilot_01-ordinary-target-language-large-pair-folders-20260704/by-support/SW__Swahili/SW__LT__Swahili_to_Lithuanian/youtube_thumbnail.jpg","iu6XgPTfzlU","https://www.youtube.com/watch?v=iu6XgPTfzlU","@lunacardsswahili","Kilithuania A1","Vifaa vya jikoni","Vyombo na vifaa. Kiwango cha msingi."
"SW","LV","SW__Swahili","SW__LV__Swahili_to_Latvian","/Users/lali/Documents/LUNA2/outputs/design-prototypes/youtube-thumbnail-home_kitchen_cookware_pilot_01-ordinary-target-language-large-pair-folders-20260704/by-support/SW__Swahili/SW__LV__Swahili_to_Latvian/youtube_thumbnail.jpg","aOwGGKDdArk","https://www.youtube.com/watch?v=aOwGGKDdArk","@lunacardsswahili","Kilatvia A1","Vifaa vya jikoni","Vyombo na vifaa. Kiwango cha msingi."
"SW","ML","SW__Swahili","SW__ML__Swahili_to_Malayalam","/Users/lali/Documents/LUNA2/outputs/design-prototypes/youtube-thumbnail-home_kitchen_cookware_pilot_01-ordinary-target-language-large-pair-folders-20260704/by-support/SW__Swahili/SW__ML__Swahili_to_Malayalam/youtube_thumbnail.jpg","aWMTzTAPZWM","https://www.youtube.com/watch?v=aWMTzTAPZWM","","Kimalayalamu A1","Vifaa vya jikoni","Vyombo na vifaa. Kiwango cha msingi."
"SW","MS","SW__Swahili","SW__MS__Swahili_to_Malay","/Users/lali/Documents/LUNA2/outputs/design-prototypes/youtube-thumbnail-home_kitchen_cookware_pilot_01-ordinary-target-language-large-pair-folders-20260704/by-support/SW__Swahili/SW__MS__Swahili_to_Malay/youtube_thumbnail.jpg","y8ubcMb5hyY","https://www.youtube.com/watch?v=y8ubcMb5hyY","@lunacardsswahili","Kimalei A1","Vifaa vya jikoni","Vyombo na vifaa. Kiwango cha msingi."
"SW","MY","SW__Swahili","SW__MY__Swahili_to_Burmese","/Users/lali/Documents/LUNA2/outputs/design-prototypes/youtube-thumbnail-home_kitchen_cookware_pilot_01-ordinary-target-language-large-pair-folders-20260704/by-support/SW__Swahili/SW__MY__Swahili_to_Burmese/youtube_thumbnail.jpg","qIoGd2Fi2rE","https://www.youtube.com/watch?v=qIoGd2Fi2rE","","Kiburma A1","Vifaa vya jikoni","Vyombo na vifaa. Kiwango cha msingi."
"SW","NB","SW__Swahili","SW__NB__Swahili_to_Norwegian-Bokmal","/Users/lali/Documents/LUNA2/outputs/design-prototypes/youtube-thumbnail-home_kitchen_cookware_pilot_01-ordinary-target-language-large-pair-folders-20260704/by-support/SW__Swahili/SW__NB__Swahili_to_Norwegian-Bokmal/youtube_thumbnail.jpg","K4mE1GkR3l8","https://www.youtube.com/watch?v=K4mE1GkR3l8","@lunacardsswahili","Kinorwe cha Bokmal A1","Vifaa vya jikoni","Vyombo na vifaa. Kiwango cha msingi."
"SW","NE","SW__Swahili","SW__NE__Swahili_to_Nepali","/Users/lali/Documents/LUNA2/outputs/design-prototypes/youtube-thumbnail-home_kitchen_cookware_pilot_01-ordinary-target-language-large-pair-folders-20260704/by-support/SW__Swahili/SW__NE__Swahili_to_Nepali/youtube_thumbnail.jpg","YZXyHmlGJNM","https://www.youtube.com/watch?v=YZXyHmlGJNM","","Kinepali A1","Vifaa vya jikoni","Vyombo na vifaa. Kiwango cha msingi."
"SW","NL","SW__Swahili","SW__NL__Swahili_to_Dutch","/Users/lali/Documents/LUNA2/outputs/design-prototypes/youtube-thumbnail-home_kitchen_cookware_pilot_01-ordinary-target-language-large-pair-folders-20260704/by-support/SW__Swahili/SW__NL__Swahili_to_Dutch/youtube_thumbnail.jpg","T4aY4LPCSAY","https://www.youtube.com/watch?v=T4aY4LPCSAY","","Kiholanzi A1","Vifaa vya jikoni","Vyombo na vifaa. Kiwango cha msingi."
"SW","NO","SW__Swahili","SW__NO__Swahili_to_Norwegian-Bokmal","/Users/lali/Documents/LUNA2/outputs/design-prototypes/youtube-thumbnail-home_kitchen_cookware_pilot_01-ordinary-target-language-large-pair-folders-20260704/by-support/SW__Swahili/SW__NO__Swahili_to_Norwegian-Bokmal/youtube_thumbnail.jpg","qulwzxMb6sY","https://www.youtube.com/watch?v=qulwzxMb6sY","","Kinorwe cha Bokmal A1","Vifaa vya jikoni","Vyombo na vifaa. Kiwango cha msingi."
"SW","PL","SW__Swahili","SW__PL__Swahili_to_Polish","/Users/lali/Documents/LUNA2/outputs/design-prototypes/youtube-thumbnail-home_kitchen_cookware_pilot_01-ordinary-target-language-large-pair-folders-20260704/by-support/SW__Swahili/SW__PL__Swahili_to_Polish/youtube_thumbnail.jpg","M6l8fNRAPns","https://www.youtube.com/watch?v=M6l8fNRAPns","","Kipolandi A1","Vifaa vya jikoni","Vyombo na vifaa. Kiwango cha msingi."
"SW","PT","SW__Swahili","SW__PT__Swahili_to_Portuguese","/Users/lali/Documents/LUNA2/outputs/design-prototypes/youtube-thumbnail-home_kitchen_cookware_pilot_01-ordinary-target-language-large-pair-folders-20260704/by-support/SW__Swahili/SW__PT__Swahili_to_Portuguese/youtube_thumbnail.jpg","yveKD5azFXQ","https://www.youtube.com/watch?v=yveKD5azFXQ","@lunacardsswahili","Kireno A1","Vifaa vya jikoni","Vyombo na vifaa. Kiwango cha msingi."
"SW","PT-BR","SW__Swahili","SW__PT-BR__Swahili_to_Portuguese-Brazil","/Users/lali/Documents/LUNA2/outputs/design-prototypes/youtube-thumbnail-home_kitchen_cookware_pilot_01-ordinary-target-language-large-pair-folders-20260704/by-support/SW__Swahili/SW__PT-BR__Swahili_to_Portuguese-Brazil/youtube_thumbnail.jpg","8PXYe5cRg3E","https://www.youtube.com/watch?v=8PXYe5cRg3E","","Kireno (Brazil) A1","Vifaa vya jikoni","Vyombo na vifaa. Kiwango cha msingi."
"SW","RO","SW__Swahili","SW__RO__Swahili_to_Romanian","/Users/lali/Documents/LUNA2/outputs/design-prototypes/youtube-thumbnail-home_kitchen_cookware_pilot_01-ordinary-target-language-large-pair-folders-20260704/by-support/SW__Swahili/SW__RO__Swahili_to_Romanian/youtube_thumbnail.jpg","MUBNIAKBGbw","https://www.youtube.com/watch?v=MUBNIAKBGbw","@lunacardsswahili","Kiromania A1","Vifaa vya jikoni","Vyombo na vifaa. Kiwango cha msingi."
"SW","RU","SW__Swahili","SW__RU__Swahili_to_Russian","/Users/lali/Documents/LUNA2/outputs/design-prototypes/youtube-thumbnail-home_kitchen_cookware_pilot_01-ordinary-target-language-large-pair-folders-20260704/by-support/SW__Swahili/SW__RU__Swahili_to_Russian/youtube_thumbnail.jpg","ZnoE6e8d2lY","https://www.youtube.com/watch?v=ZnoE6e8d2lY","@lunacardsswahili","Kirusi A1","Vifaa vya jikoni","Vyombo na vifaa. Kiwango cha msingi."
"SW","RU,PL,CS,SK","SW__Swahili","SW__RU,PL,CS,SK__Swahili_to_RU-PL-CS-SK","/Users/lali/Documents/LUNA2/outputs/design-prototypes/youtube-thumbnail-home_kitchen_cookware_pilot_01-ordinary-target-language-large-pair-folders-20260704/by-support/SW__Swahili/SW__RU,PL,CS,SK__Swahili_to_RU-PL-CS-SK/youtube_thumbnail.jpg","XYlWmdCTaC4","https://www.youtube.com/watch?v=XYlWmdCTaC4","","RU,PL,CS,SK A1","Vifaa vya jikoni","Vyombo na vifaa. Kiwango cha msingi."
"SW","SI","SW__Swahili","SW__SI__Swahili_to_Sinhala","/Users/lali/Documents/LUNA2/outputs/design-prototypes/youtube-thumbnail-home_kitchen_cookware_pilot_01-ordinary-target-language-large-pair-folders-20260704/by-support/SW__Swahili/SW__SI__Swahili_to_Sinhala/youtube_thumbnail.jpg","vd3mJmy9_pY","https://www.youtube.com/watch?v=vd3mJmy9_pY","@lunacardsswahili","Kisinhala A1","Vifaa vya jikoni","Vyombo na vifaa. Kiwango cha msingi."
"SW","TH","SW__Swahili","SW__TH__Swahili_to_Thai","/Users/lali/Documents/LUNA2/outputs/design-prototypes/youtube-thumbnail-home_kitchen_cookware_pilot_01-ordinary-target-language-large-pair-folders-20260704/by-support/SW__Swahili/SW__TH__Swahili_to_Thai/youtube_thumbnail.jpg","0B4siTA6iPw","https://www.youtube.com/watch?v=0B4siTA6iPw","@lunacardsswahili","Kithai A1","Vifaa vya jikoni","Vyombo na vifaa. Kiwango cha msingi."
"SW","VI","SW__Swahili","SW__VI__Swahili_to_Vietnamese","/Users/lali/Documents/LUNA2/outputs/design-prototypes/youtube-thumbnail-home_kitchen_cookware_pilot_01-ordinary-target-language-large-pair-folders-20260704/by-support/SW__Swahili/SW__VI__Swahili_to_Vietnamese/youtube_thumbnail.jpg","y-ruoiBZrEo","https://www.youtube.com/watch?v=y-ruoiBZrEo","@lunacardsswahili","Kivietinamu A1","Vifaa vya jikoni","Vyombo na vifaa. Kiwango cha msingi."
"SW","ZH","SW__Swahili","SW__ZH__Swahili_to_Chinese","/Users/lali/Documents/LUNA2/outputs/design-prototypes/youtube-thumbnail-home_kitchen_cookware_pilot_01-ordinary-target-language-large-pair-folders-20260704/by-support/SW__Swahili/SW__ZH__Swahili_to_Chinese/youtube_thumbnail.jpg","q2mnWWUsfrw","https://www.youtube.com/watch?v=q2mnWWUsfrw","@lunacardsswahili","Kichina A1","Vifaa vya jikoni","Vyombo na vifaa. Kiwango cha msingi."
"SW","ZH,JA,KO","SW__Swahili","SW__ZH,JA,KO__Swahili_to_ZH-JA-KO","/Users/lali/Documents/LUNA2/outputs/design-prototypes/youtube-thumbnail-home_kitchen_cookware_pilot_01-ordinary-target-language-large-pair-folders-20260704/by-support/SW__Swahili/SW__ZH,JA,KO__Swahili_to_ZH-JA-KO/youtube_thumbnail.jpg","38IW6aIiL4o","https://www.youtube.com/watch?v=38IW6aIiL4o","","ZH,JA,KO A1","Vifaa vya jikoni","Vyombo na vifaa. Kiwango cha msingi."
"TH","AZ","TH__Thai","TH__AZ__Thai_to_Azerbaijani","/Users/lali/Documents/LUNA2/outputs/design-prototypes/youtube-thumbnail-home_kitchen_cookware_pilot_01-ordinary-target-language-large-pair-folders-20260704/by-support/TH__Thai/TH__AZ__Thai_to_Azerbaijani/youtube_thumbnail.jpg","dHnnXV-hYoQ","https://www.youtube.com/watch?v=dHnnXV-hYoQ","@lunacardsthai","อาเซอร์ไบจาน A1","ของใช้ครัวพื้นฐาน","จานชามและอุปกรณ์ ระดับพื้นฐาน"
"TH","BG","TH__Thai","TH__BG__Thai_to_Bulgarian","/Users/lali/Documents/LUNA2/outputs/design-prototypes/youtube-thumbnail-home_kitchen_cookware_pilot_01-ordinary-target-language-large-pair-folders-20260704/by-support/TH__Thai/TH__BG__Thai_to_Bulgarian/youtube_thumbnail.jpg","_f9oli_Wd64","https://www.youtube.com/watch?v=_f9oli_Wd64","@lunacardsthai","บัลแกเรีย A1","ของใช้ครัวพื้นฐาน","จานชามและอุปกรณ์ ระดับพื้นฐาน"
"TH","BN","TH__Thai","TH__BN__Thai_to_Bangla","/Users/lali/Documents/LUNA2/outputs/design-prototypes/youtube-thumbnail-home_kitchen_cookware_pilot_01-ordinary-target-language-large-pair-folders-20260704/by-support/TH__Thai/TH__BN__Thai_to_Bangla/youtube_thumbnail.jpg","_66jIW9uInw","https://www.youtube.com/watch?v=_66jIW9uInw","@lunacardsthai","บังกลา A1","ของใช้ครัวพื้นฐาน","จานชามและอุปกรณ์ ระดับพื้นฐาน"
"TH","CS","TH__Thai","TH__CS__Thai_to_Czech","/Users/lali/Documents/LUNA2/outputs/design-prototypes/youtube-thumbnail-home_kitchen_cookware_pilot_01-ordinary-target-language-large-pair-folders-20260704/by-support/TH__Thai/TH__CS__Thai_to_Czech/youtube_thumbnail.jpg","gzcqJvksq1o","https://www.youtube.com/watch?v=gzcqJvksq1o","@lunacardsthai","เช็ก A1","ของใช้ครัวพื้นฐาน","จานชามและอุปกรณ์ ระดับพื้นฐาน"
"TH","DA","TH__Thai","TH__DA__Thai_to_Danish","/Users/lali/Documents/LUNA2/outputs/design-prototypes/youtube-thumbnail-home_kitchen_cookware_pilot_01-ordinary-target-language-large-pair-folders-20260704/by-support/TH__Thai/TH__DA__Thai_to_Danish/youtube_thumbnail.jpg","nRzYSmjHbb0","https://www.youtube.com/watch?v=nRzYSmjHbb0","@lunacardsthai","เดนมาร์ก A1","ของใช้ครัวพื้นฐาน","จานชามและอุปกรณ์ ระดับพื้นฐาน"
"TH","DE","TH__Thai","TH__DE__Thai_to_German","/Users/lali/Documents/LUNA2/outputs/design-prototypes/youtube-thumbnail-home_kitchen_cookware_pilot_01-ordinary-target-language-large-pair-folders-20260704/by-support/TH__Thai/TH__DE__Thai_to_German/youtube_thumbnail.jpg","MudBIkdktnM","https://www.youtube.com/watch?v=MudBIkdktnM","@lunacardsthai","เยอรมัน A1","ของใช้ครัวพื้นฐาน","จานชามและอุปกรณ์ ระดับพื้นฐาน"
"TH","EN","TH__Thai","TH__EN__Thai_to_English","/Users/lali/Documents/LUNA2/outputs/design-prototypes/youtube-thumbnail-home_kitchen_cookware_pilot_01-ordinary-target-language-large-pair-folders-20260704/by-support/TH__Thai/TH__EN__Thai_to_English/youtube_thumbnail.jpg","hrtXoWCLozE","https://www.youtube.com/watch?v=hrtXoWCLozE","@lunacardsthai","อังกฤษ A1","ของใช้ครัวพื้นฐาน","จานชามและอุปกรณ์ ระดับพื้นฐาน"
"TH","EN,ES,FR,DE","TH__Thai","TH__EN,ES,FR,DE__Thai_to_EN-ES-FR-DE","/Users/lali/Documents/LUNA2/outputs/design-prototypes/youtube-thumbnail-home_kitchen_cookware_pilot_01-ordinary-target-language-large-pair-folders-20260704/by-support/TH__Thai/TH__EN,ES,FR,DE__Thai_to_EN-ES-FR-DE/youtube_thumbnail.jpg","h0WZwIlstZI","https://www.youtube.com/watch?v=h0WZwIlstZI","","EN,ES,FR,DE A1","ของใช้ครัวพื้นฐาน","จานชามและอุปกรณ์ ระดับพื้นฐาน"
"TH","ES-419","TH__Thai","TH__ES-419__Thai_to_Spanish-Latin-America","/Users/lali/Documents/LUNA2/outputs/design-prototypes/youtube-thumbnail-home_kitchen_cookware_pilot_01-ordinary-target-language-large-pair-folders-20260704/by-support/TH__Thai/TH__ES-419__Thai_to_Spanish-Latin-America/youtube_thumbnail.jpg","8VfqelqwV7g","https://www.youtube.com/watch?v=8VfqelqwV7g","@lunacardsthai","สเปน (ละตินอเมริกา) A1","ของใช้ครัวพื้นฐาน","จานชามและอุปกรณ์ ระดับพื้นฐาน"
"TH","ES,FR,IT,PT","TH__Thai","TH__ES,FR,IT,PT__Thai_to_ES-FR-IT-PT","/Users/lali/Documents/LUNA2/outputs/design-prototypes/youtube-thumbnail-home_kitchen_cookware_pilot_01-ordinary-target-language-large-pair-folders-20260704/by-support/TH__Thai/TH__ES,FR,IT,PT__Thai_to_ES-FR-IT-PT/youtube_thumbnail.jpg","H3uhNsneQlI","https://www.youtube.com/watch?v=H3uhNsneQlI","","ES,FR,IT,PT A1","ของใช้ครัวพื้นฐาน","จานชามและอุปกรณ์ ระดับพื้นฐาน"
"TH","ET","TH__Thai","TH__ET__Thai_to_Estonian","/Users/lali/Documents/LUNA2/outputs/design-prototypes/youtube-thumbnail-home_kitchen_cookware_pilot_01-ordinary-target-language-large-pair-folders-20260704/by-support/TH__Thai/TH__ET__Thai_to_Estonian/youtube_thumbnail.jpg","DI7mF3ZukE4","https://www.youtube.com/watch?v=DI7mF3ZukE4","@lunacardsthai","เอสโตเนีย A1","ของใช้ครัวพื้นฐาน","จานชามและอุปกรณ์ ระดับพื้นฐาน"
"TH","FI","TH__Thai","TH__FI__Thai_to_Finnish","/Users/lali/Documents/LUNA2/outputs/design-prototypes/youtube-thumbnail-home_kitchen_cookware_pilot_01-ordinary-target-language-large-pair-folders-20260704/by-support/TH__Thai/TH__FI__Thai_to_Finnish/youtube_thumbnail.jpg","UzGL-_ZqzVk","https://www.youtube.com/watch?v=UzGL-_ZqzVk","@lunacardsthai","ฟินแลนด์ A1","ของใช้ครัวพื้นฐาน","จานชามและอุปกรณ์ ระดับพื้นฐาน"
"TH","FR","TH__Thai","TH__FR__Thai_to_French","/Users/lali/Documents/LUNA2/outputs/design-prototypes/youtube-thumbnail-home_kitchen_cookware_pilot_01-ordinary-target-language-large-pair-folders-20260704/by-support/TH__Thai/TH__FR__Thai_to_French/youtube_thumbnail.jpg","4s70G1HNTpA","https://www.youtube.com/watch?v=4s70G1HNTpA","@lunacardsthai","ฝรั่งเศส A1","ของใช้ครัวพื้นฐาน","จานชามและอุปกรณ์ ระดับพื้นฐาน"
"TH","HI","TH__Thai","TH__HI__Thai_to_Hindi","/Users/lali/Documents/LUNA2/outputs/design-prototypes/youtube-thumbnail-home_kitchen_cookware_pilot_01-ordinary-target-language-large-pair-folders-20260704/by-support/TH__Thai/TH__HI__Thai_to_Hindi/youtube_thumbnail.jpg","ixhE2zz1or8","https://www.youtube.com/watch?v=ixhE2zz1or8","@lunacardsthai","ฮินดี A1","ของใช้ครัวพื้นฐาน","จานชามและอุปกรณ์ ระดับพื้นฐาน"
"TH","HR","TH__Thai","TH__HR__Thai_to_Croatian","/Users/lali/Documents/LUNA2/outputs/design-prototypes/youtube-thumbnail-home_kitchen_cookware_pilot_01-ordinary-target-language-large-pair-folders-20260704/by-support/TH__Thai/TH__HR__Thai_to_Croatian/youtube_thumbnail.jpg","_cnqNf1gs30","https://www.youtube.com/watch?v=_cnqNf1gs30","@lunacardsthai","โครเอเชีย A1","ของใช้ครัวพื้นฐาน","จานชามและอุปกรณ์ ระดับพื้นฐาน"
"TH","HU","TH__Thai","TH__HU__Thai_to_Hungarian","/Users/lali/Documents/LUNA2/outputs/design-prototypes/youtube-thumbnail-home_kitchen_cookware_pilot_01-ordinary-target-language-large-pair-folders-20260704/by-support/TH__Thai/TH__HU__Thai_to_Hungarian/youtube_thumbnail.jpg","2IsoNw5hAKc","https://www.youtube.com/watch?v=2IsoNw5hAKc","@lunacardsthai","ฮังการี A1","ของใช้ครัวพื้นฐาน","จานชามและอุปกรณ์ ระดับพื้นฐาน"
"TH","HY","TH__Thai","TH__HY__Thai_to_Armenian","/Users/lali/Documents/LUNA2/outputs/design-prototypes/youtube-thumbnail-home_kitchen_cookware_pilot_01-ordinary-target-language-large-pair-folders-20260704/by-support/TH__Thai/TH__HY__Thai_to_Armenian/youtube_thumbnail.jpg","g538QdW2JkM","https://www.youtube.com/watch?v=g538QdW2JkM","@lunacardsthai","อาร์เมเนีย A1","ของใช้ครัวพื้นฐาน","จานชามและอุปกรณ์ ระดับพื้นฐาน"
"TH","ID","TH__Thai","TH__ID__Thai_to_Indonesian","/Users/lali/Documents/LUNA2/outputs/design-prototypes/youtube-thumbnail-home_kitchen_cookware_pilot_01-ordinary-target-language-large-pair-folders-20260704/by-support/TH__Thai/TH__ID__Thai_to_Indonesian/youtube_thumbnail.jpg","xr5FqHHmhMg","https://www.youtube.com/watch?v=xr5FqHHmhMg","@lunacardsthai","อินโดนีเซีย A1","ของใช้ครัวพื้นฐาน","จานชามและอุปกรณ์ ระดับพื้นฐาน"
"TH","IS","TH__Thai","TH__IS__Thai_to_Icelandic","/Users/lali/Documents/LUNA2/outputs/design-prototypes/youtube-thumbnail-home_kitchen_cookware_pilot_01-ordinary-target-language-large-pair-folders-20260704/by-support/TH__Thai/TH__IS__Thai_to_Icelandic/youtube_thumbnail.jpg","w3bVD31WGck","https://www.youtube.com/watch?v=w3bVD31WGck","@lunacardsthai","ไอซ์แลนด์ A1","ของใช้ครัวพื้นฐาน","จานชามและอุปกรณ์ ระดับพื้นฐาน"
"TH","IT","TH__Thai","TH__IT__Thai_to_Italian","/Users/lali/Documents/LUNA2/outputs/design-prototypes/youtube-thumbnail-home_kitchen_cookware_pilot_01-ordinary-target-language-large-pair-folders-20260704/by-support/TH__Thai/TH__IT__Thai_to_Italian/youtube_thumbnail.jpg","GaTgEXNrpTo","https://www.youtube.com/watch?v=GaTgEXNrpTo","@lunacardsthai","อิตาลี A1","ของใช้ครัวพื้นฐาน","จานชามและอุปกรณ์ ระดับพื้นฐาน"
"TH","JA","TH__Thai","TH__JA__Thai_to_Japanese","/Users/lali/Documents/LUNA2/outputs/design-prototypes/youtube-thumbnail-home_kitchen_cookware_pilot_01-ordinary-target-language-large-pair-folders-20260704/by-support/TH__Thai/TH__JA__Thai_to_Japanese/youtube_thumbnail.jpg","RBgYoGEp6mM","https://www.youtube.com/watch?v=RBgYoGEp6mM","@lunacardsthai","ญี่ปุ่น A1","ของใช้ครัวพื้นฐาน","จานชามและอุปกรณ์ ระดับพื้นฐาน"
"TH","KA","TH__Thai","TH__KA__Thai_to_Georgian","/Users/lali/Documents/LUNA2/outputs/design-prototypes/youtube-thumbnail-home_kitchen_cookware_pilot_01-ordinary-target-language-large-pair-folders-20260704/by-support/TH__Thai/TH__KA__Thai_to_Georgian/youtube_thumbnail.jpg","cPOEFHYOsAU","https://www.youtube.com/watch?v=cPOEFHYOsAU","@lunacardsthai","จอร์เจีย A1","ของใช้ครัวพื้นฐาน","จานชามและอุปกรณ์ ระดับพื้นฐาน"
"TH","KK","TH__Thai","TH__KK__Thai_to_Kazakh","/Users/lali/Documents/LUNA2/outputs/design-prototypes/youtube-thumbnail-home_kitchen_cookware_pilot_01-ordinary-target-language-large-pair-folders-20260704/by-support/TH__Thai/TH__KK__Thai_to_Kazakh/youtube_thumbnail.jpg","-GuW0YRIiFI","https://www.youtube.com/watch?v=-GuW0YRIiFI","@lunacardsthai","คาซัค A1","ของใช้ครัวพื้นฐาน","จานชามและอุปกรณ์ ระดับพื้นฐาน"
"TH","KM","TH__Thai","TH__KM__Thai_to_Khmer","/Users/lali/Documents/LUNA2/outputs/design-prototypes/youtube-thumbnail-home_kitchen_cookware_pilot_01-ordinary-target-language-large-pair-folders-20260704/by-support/TH__Thai/TH__KM__Thai_to_Khmer/youtube_thumbnail.jpg","WRKnNNc702s","https://www.youtube.com/watch?v=WRKnNNc702s","@lunacardsthai","เขมร A1","ของใช้ครัวพื้นฐาน","จานชามและอุปกรณ์ ระดับพื้นฐาน"
"TH","KN","TH__Thai","TH__KN__Thai_to_Kannada","/Users/lali/Documents/LUNA2/outputs/design-prototypes/youtube-thumbnail-home_kitchen_cookware_pilot_01-ordinary-target-language-large-pair-folders-20260704/by-support/TH__Thai/TH__KN__Thai_to_Kannada/youtube_thumbnail.jpg","no9zNdp57Co","https://www.youtube.com/watch?v=no9zNdp57Co","@lunacardsthai","กันนาดา A1","ของใช้ครัวพื้นฐาน","จานชามและอุปกรณ์ ระดับพื้นฐาน"
"TH","KO","TH__Thai","TH__KO__Thai_to_Korean","/Users/lali/Documents/LUNA2/outputs/design-prototypes/youtube-thumbnail-home_kitchen_cookware_pilot_01-ordinary-target-language-large-pair-folders-20260704/by-support/TH__Thai/TH__KO__Thai_to_Korean/youtube_thumbnail.jpg","TchB9NAvIKA","https://www.youtube.com/watch?v=TchB9NAvIKA","@lunacardsthai","เกาหลี A1","ของใช้ครัวพื้นฐาน","จานชามและอุปกรณ์ ระดับพื้นฐาน"
"TH","LO","TH__Thai","TH__LO__Thai_to_Lao","/Users/lali/Documents/LUNA2/outputs/design-prototypes/youtube-thumbnail-home_kitchen_cookware_pilot_01-ordinary-target-language-large-pair-folders-20260704/by-support/TH__Thai/TH__LO__Thai_to_Lao/youtube_thumbnail.jpg","1HHK1P2CRD8","https://www.youtube.com/watch?v=1HHK1P2CRD8","@lunacardsthai","ลาว A1","ของใช้ครัวพื้นฐาน","จานชามและอุปกรณ์ ระดับพื้นฐาน"
"TH","LT","TH__Thai","TH__LT__Thai_to_Lithuanian","/Users/lali/Documents/LUNA2/outputs/design-prototypes/youtube-thumbnail-home_kitchen_cookware_pilot_01-ordinary-target-language-large-pair-folders-20260704/by-support/TH__Thai/TH__LT__Thai_to_Lithuanian/youtube_thumbnail.jpg","aK3pTYltypg","https://www.youtube.com/watch?v=aK3pTYltypg","@lunacardsthai","ลิทัวเนีย A1","ของใช้ครัวพื้นฐาน","จานชามและอุปกรณ์ ระดับพื้นฐาน"
"TH","LV","TH__Thai","TH__LV__Thai_to_Latvian","/Users/lali/Documents/LUNA2/outputs/design-prototypes/youtube-thumbnail-home_kitchen_cookware_pilot_01-ordinary-target-language-large-pair-folders-20260704/by-support/TH__Thai/TH__LV__Thai_to_Latvian/youtube_thumbnail.jpg","zBXIwK_mrsg","https://www.youtube.com/watch?v=zBXIwK_mrsg","@lunacardsthai","ลัตเวีย A1","ของใช้ครัวพื้นฐาน","จานชามและอุปกรณ์ ระดับพื้นฐาน"
"TH","ML","TH__Thai","TH__ML__Thai_to_Malayalam","/Users/lali/Documents/LUNA2/outputs/design-prototypes/youtube-thumbnail-home_kitchen_cookware_pilot_01-ordinary-target-language-large-pair-folders-20260704/by-support/TH__Thai/TH__ML__Thai_to_Malayalam/youtube_thumbnail.jpg","OUvYH1s4iJk","https://www.youtube.com/watch?v=OUvYH1s4iJk","@lunacardsthai","มาลายาลัม A1","ของใช้ครัวพื้นฐาน","จานชามและอุปกรณ์ ระดับพื้นฐาน"
"TH","MS","TH__Thai","TH__MS__Thai_to_Malay","/Users/lali/Documents/LUNA2/outputs/design-prototypes/youtube-thumbnail-home_kitchen_cookware_pilot_01-ordinary-target-language-large-pair-folders-20260704/by-support/TH__Thai/TH__MS__Thai_to_Malay/youtube_thumbnail.jpg","Ooznvb2U9Rs","https://www.youtube.com/watch?v=Ooznvb2U9Rs","@lunacardsthai","มาเลย์ A1","ของใช้ครัวพื้นฐาน","จานชามและอุปกรณ์ ระดับพื้นฐาน"
"TH","MY","TH__Thai","TH__MY__Thai_to_Burmese","/Users/lali/Documents/LUNA2/outputs/design-prototypes/youtube-thumbnail-home_kitchen_cookware_pilot_01-ordinary-target-language-large-pair-folders-20260704/by-support/TH__Thai/TH__MY__Thai_to_Burmese/youtube_thumbnail.jpg","BZ13ab5-xVc","https://www.youtube.com/watch?v=BZ13ab5-xVc","@lunacardsthai","พม่า A1","ของใช้ครัวพื้นฐาน","จานชามและอุปกรณ์ ระดับพื้นฐาน"
"TH","NB","TH__Thai","TH__NB__Thai_to_Norwegian-Bokmal","/Users/lali/Documents/LUNA2/outputs/design-prototypes/youtube-thumbnail-home_kitchen_cookware_pilot_01-ordinary-target-language-large-pair-folders-20260704/by-support/TH__Thai/TH__NB__Thai_to_Norwegian-Bokmal/youtube_thumbnail.jpg","fyVx1bcxtE0","https://www.youtube.com/watch?v=fyVx1bcxtE0","@lunacardsthai","นอร์เวย์บุคมอล A1","ของใช้ครัวพื้นฐาน","จานชามและอุปกรณ์ ระดับพื้นฐาน"
"TH","NE","TH__Thai","TH__NE__Thai_to_Nepali","/Users/lali/Documents/LUNA2/outputs/design-prototypes/youtube-thumbnail-home_kitchen_cookware_pilot_01-ordinary-target-language-large-pair-folders-20260704/by-support/TH__Thai/TH__NE__Thai_to_Nepali/youtube_thumbnail.jpg","QuYrPABDKIU","https://www.youtube.com/watch?v=QuYrPABDKIU","@lunacardsthai","เนปาล A1","ของใช้ครัวพื้นฐาน","จานชามและอุปกรณ์ ระดับพื้นฐาน"
"TH","NL","TH__Thai","TH__NL__Thai_to_Dutch","/Users/lali/Documents/LUNA2/outputs/design-prototypes/youtube-thumbnail-home_kitchen_cookware_pilot_01-ordinary-target-language-large-pair-folders-20260704/by-support/TH__Thai/TH__NL__Thai_to_Dutch/youtube_thumbnail.jpg","1zV_pjsoqbQ","https://www.youtube.com/watch?v=1zV_pjsoqbQ","@lunacardsthai","ดัตช์ A1","ของใช้ครัวพื้นฐาน","จานชามและอุปกรณ์ ระดับพื้นฐาน"
"TH","NO","TH__Thai","TH__NO__Thai_to_Norwegian-Bokmal","/Users/lali/Documents/LUNA2/outputs/design-prototypes/youtube-thumbnail-home_kitchen_cookware_pilot_01-ordinary-target-language-large-pair-folders-20260704/by-support/TH__Thai/TH__NO__Thai_to_Norwegian-Bokmal/youtube_thumbnail.jpg","fyVx1bcxtE0","https://www.youtube.com/watch?v=fyVx1bcxtE0","","นอร์เวย์บุคมอล A1","ของใช้ครัวพื้นฐาน","จานชามและอุปกรณ์ ระดับพื้นฐาน"
"TH","PL","TH__Thai","TH__PL__Thai_to_Polish","/Users/lali/Documents/LUNA2/outputs/design-prototypes/youtube-thumbnail-home_kitchen_cookware_pilot_01-ordinary-target-language-large-pair-folders-20260704/by-support/TH__Thai/TH__PL__Thai_to_Polish/youtube_thumbnail.jpg","axhAooodimU","https://www.youtube.com/watch?v=axhAooodimU","@lunacardsthai","โปแลนด์ A1","ของใช้ครัวพื้นฐาน","จานชามและอุปกรณ์ ระดับพื้นฐาน"
"TH","PT-BR","TH__Thai","TH__PT-BR__Thai_to_Portuguese-Brazil","/Users/lali/Documents/LUNA2/outputs/design-prototypes/youtube-thumbnail-home_kitchen_cookware_pilot_01-ordinary-target-language-large-pair-folders-20260704/by-support/TH__Thai/TH__PT-BR__Thai_to_Portuguese-Brazil/youtube_thumbnail.jpg","c3-eQUE_Pgw","https://www.youtube.com/watch?v=c3-eQUE_Pgw","","โปรตุเกส (บราซิล) A1","ของใช้ครัวพื้นฐาน","จานชามและอุปกรณ์ ระดับพื้นฐาน"
"TH","RO","TH__Thai","TH__RO__Thai_to_Romanian","/Users/lali/Documents/LUNA2/outputs/design-prototypes/youtube-thumbnail-home_kitchen_cookware_pilot_01-ordinary-target-language-large-pair-folders-20260704/by-support/TH__Thai/TH__RO__Thai_to_Romanian/youtube_thumbnail.jpg","dTMsg8Z4fn8","https://www.youtube.com/watch?v=dTMsg8Z4fn8","","โรมาเนีย A1","ของใช้ครัวพื้นฐาน","จานชามและอุปกรณ์ ระดับพื้นฐาน"
"TH","RU","TH__Thai","TH__RU__Thai_to_Russian","/Users/lali/Documents/LUNA2/outputs/design-prototypes/youtube-thumbnail-home_kitchen_cookware_pilot_01-ordinary-target-language-large-pair-folders-20260704/by-support/TH__Thai/TH__RU__Thai_to_Russian/youtube_thumbnail.jpg","7IJeuYjINJM","https://www.youtube.com/watch?v=7IJeuYjINJM","@lunacardsthai","รัสเซีย A1","ของใช้ครัวพื้นฐาน","จานชามและอุปกรณ์ ระดับพื้นฐาน"
"TH","RU,PL,CS,SK","TH__Thai","TH__RU,PL,CS,SK__Thai_to_RU-PL-CS-SK","/Users/lali/Documents/LUNA2/outputs/design-prototypes/youtube-thumbnail-home_kitchen_cookware_pilot_01-ordinary-target-language-large-pair-folders-20260704/by-support/TH__Thai/TH__RU,PL,CS,SK__Thai_to_RU-PL-CS-SK/youtube_thumbnail.jpg","JP7OEx4g_oA","https://www.youtube.com/watch?v=JP7OEx4g_oA","","RU,PL,CS,SK A1","ของใช้ครัวพื้นฐาน","จานชามและอุปกรณ์ ระดับพื้นฐาน"
"TH","SI","TH__Thai","TH__SI__Thai_to_Sinhala","/Users/lali/Documents/LUNA2/outputs/design-prototypes/youtube-thumbnail-home_kitchen_cookware_pilot_01-ordinary-target-language-large-pair-folders-20260704/by-support/TH__Thai/TH__SI__Thai_to_Sinhala/youtube_thumbnail.jpg","_DJvK00-Nfc","https://www.youtube.com/watch?v=_DJvK00-Nfc","","สิงหล A1","ของใช้ครัวพื้นฐาน","จานชามและอุปกรณ์ ระดับพื้นฐาน"
"TH","SK","TH__Thai","TH__SK__Thai_to_Slovak","/Users/lali/Documents/LUNA2/outputs/design-prototypes/youtube-thumbnail-home_kitchen_cookware_pilot_01-ordinary-target-language-large-pair-folders-20260704/by-support/TH__Thai/TH__SK__Thai_to_Slovak/youtube_thumbnail.jpg","5tibRD_mSOQ","https://www.youtube.com/watch?v=5tibRD_mSOQ","","สโลวัก A1","ของใช้ครัวพื้นฐาน","จานชามและอุปกรณ์ ระดับพื้นฐาน"
"TH","SL","TH__Thai","TH__SL__Thai_to_Slovenian","/Users/lali/Documents/LUNA2/outputs/design-prototypes/youtube-thumbnail-home_kitchen_cookware_pilot_01-ordinary-target-language-large-pair-folders-20260704/by-support/TH__Thai/TH__SL__Thai_to_Slovenian/youtube_thumbnail.jpg","Q46Xdj-MsEs","https://www.youtube.com/watch?v=Q46Xdj-MsEs","","สโลวีเนีย A1","ของใช้ครัวพื้นฐาน","จานชามและอุปกรณ์ ระดับพื้นฐาน"
"TH","SR","TH__Thai","TH__SR__Thai_to_Serbian-Latin","/Users/lali/Documents/LUNA2/outputs/design-prototypes/youtube-thumbnail-home_kitchen_cookware_pilot_01-ordinary-target-language-large-pair-folders-20260704/by-support/TH__Thai/TH__SR__Thai_to_Serbian-Latin/youtube_thumbnail.jpg","ybxu6Nt7dA4","https://www.youtube.com/watch?v=ybxu6Nt7dA4","","เซอร์เบีย (ละติน) A1","ของใช้ครัวพื้นฐาน","จานชามและอุปกรณ์ ระดับพื้นฐาน"
"TH","SV","TH__Thai","TH__SV__Thai_to_Swedish","/Users/lali/Documents/LUNA2/outputs/design-prototypes/youtube-thumbnail-home_kitchen_cookware_pilot_01-ordinary-target-language-large-pair-folders-20260704/by-support/TH__Thai/TH__SV__Thai_to_Swedish/youtube_thumbnail.jpg","udVc2QZ-oC4","https://www.youtube.com/watch?v=udVc2QZ-oC4","","สวีเดน A1","ของใช้ครัวพื้นฐาน","จานชามและอุปกรณ์ ระดับพื้นฐาน"
"TH","ZH,JA,KO","TH__Thai","TH__ZH,JA,KO__Thai_to_ZH-JA-KO","/Users/lali/Documents/LUNA2/outputs/design-prototypes/youtube-thumbnail-home_kitchen_cookware_pilot_01-ordinary-target-language-large-pair-folders-20260704/by-support/TH__Thai/TH__ZH,JA,KO__Thai_to_ZH-JA-KO/youtube_thumbnail.jpg","5LSw2gkUw-g","https://www.youtube.com/watch?v=5LSw2gkUw-g","","ZH,JA,KO A1","ของใช้ครัวพื้นฐาน","จานชามและอุปกรณ์ ระดับพื้นฐาน"
"TR","AZ","TR__Turkish","TR__AZ__Turkish_to_Azerbaijani","/Users/lali/Documents/LUNA2/outputs/design-prototypes/youtube-thumbnail-home_kitchen_cookware_pilot_01-ordinary-target-language-large-pair-folders-20260704/by-support/TR__Turkish/TR__AZ__Turkish_to_Azerbaijani/youtube_thumbnail.jpg","ei1ybR7I14w","https://www.youtube.com/watch?v=ei1ybR7I14w","@lunacardsturkce","Azerbaycan dili A1","Mutfak gereçleri","Kaplar ve gereçler. Temel seviye."
"TR","BG","TR__Turkish","TR__BG__Turkish_to_Bulgarian","/Users/lali/Documents/LUNA2/outputs/design-prototypes/youtube-thumbnail-home_kitchen_cookware_pilot_01-ordinary-target-language-large-pair-folders-20260704/by-support/TR__Turkish/TR__BG__Turkish_to_Bulgarian/youtube_thumbnail.jpg","JdrOhldFwyw","https://www.youtube.com/watch?v=JdrOhldFwyw","@lunacardsturkce","Bulgarca A1","Mutfak gereçleri","Kaplar ve gereçler. Temel seviye."
"TR","BN","TR__Turkish","TR__BN__Turkish_to_Bangla","/Users/lali/Documents/LUNA2/outputs/design-prototypes/youtube-thumbnail-home_kitchen_cookware_pilot_01-ordinary-target-language-large-pair-folders-20260704/by-support/TR__Turkish/TR__BN__Turkish_to_Bangla/youtube_thumbnail.jpg","Ncsy7UqVXoM","https://www.youtube.com/watch?v=Ncsy7UqVXoM","@lunacardsturkce","Bengalce A1","Mutfak gereçleri","Kaplar ve gereçler. Temel seviye."
"TR","CS","TR__Turkish","TR__CS__Turkish_to_Czech","/Users/lali/Documents/LUNA2/outputs/design-prototypes/youtube-thumbnail-home_kitchen_cookware_pilot_01-ordinary-target-language-large-pair-folders-20260704/by-support/TR__Turkish/TR__CS__Turkish_to_Czech/youtube_thumbnail.jpg","SzZ7G7WnyMA","https://www.youtube.com/watch?v=SzZ7G7WnyMA","@lunacardsturkce","Çekçe A1","Mutfak gereçleri","Kaplar ve gereçler. Temel seviye."
"TR","DA","TR__Turkish","TR__DA__Turkish_to_Danish","/Users/lali/Documents/LUNA2/outputs/design-prototypes/youtube-thumbnail-home_kitchen_cookware_pilot_01-ordinary-target-language-large-pair-folders-20260704/by-support/TR__Turkish/TR__DA__Turkish_to_Danish/youtube_thumbnail.jpg","_kOTMHGmO8c","https://www.youtube.com/watch?v=_kOTMHGmO8c","@lunacardsturkce","Danca A1","Mutfak gereçleri","Kaplar ve gereçler. Temel seviye."
"TR","DE","TR__Turkish","TR__DE__Turkish_to_German","/Users/lali/Documents/LUNA2/outputs/design-prototypes/youtube-thumbnail-home_kitchen_cookware_pilot_01-ordinary-target-language-large-pair-folders-20260704/by-support/TR__Turkish/TR__DE__Turkish_to_German/youtube_thumbnail.jpg","nSSMms7H9Gk","https://www.youtube.com/watch?v=nSSMms7H9Gk","@lunacardsturkce","Almanca A1","Mutfak gereçleri","Kaplar ve gereçler. Temel seviye."
"TR","EN","TR__Turkish","TR__EN__Turkish_to_English","/Users/lali/Documents/LUNA2/outputs/design-prototypes/youtube-thumbnail-home_kitchen_cookware_pilot_01-ordinary-target-language-large-pair-folders-20260704/by-support/TR__Turkish/TR__EN__Turkish_to_English/youtube_thumbnail.jpg","WmCotB_ycCI","https://www.youtube.com/watch?v=WmCotB_ycCI","@lunacardsturkce","İngilizce A1","Mutfak gereçleri","Kaplar ve gereçler. Temel seviye."
"TR","EN-GB","TR__Turkish","TR__EN-GB__Turkish_to_English-United-Kingdom","/Users/lali/Documents/LUNA2/outputs/design-prototypes/youtube-thumbnail-home_kitchen_cookware_pilot_01-ordinary-target-language-large-pair-folders-20260704/by-support/TR__Turkish/TR__EN-GB__Turkish_to_English-United-Kingdom/youtube_thumbnail.jpg","-XO3fsTw86Q","https://www.youtube.com/watch?v=-XO3fsTw86Q","@lunacardsturkce","İngilizce (Birleşik Krallık) A1","Mutfak gereçleri","Kaplar ve gereçler. Temel seviye."
"TR","EN,ES,FR,DE","TR__Turkish","TR__EN,ES,FR,DE__Turkish_to_EN-ES-FR-DE","/Users/lali/Documents/LUNA2/outputs/design-prototypes/youtube-thumbnail-home_kitchen_cookware_pilot_01-ordinary-target-language-large-pair-folders-20260704/by-support/TR__Turkish/TR__EN,ES,FR,DE__Turkish_to_EN-ES-FR-DE/youtube_thumbnail.jpg","-sRdCfoQOxk","https://www.youtube.com/watch?v=-sRdCfoQOxk","","EN,ES,FR,DE A1","Mutfak gereçleri","Kaplar ve gereçler. Temel seviye."
"TR","ES","TR__Turkish","TR__ES__Turkish_to_Spanish","/Users/lali/Documents/LUNA2/outputs/design-prototypes/youtube-thumbnail-home_kitchen_cookware_pilot_01-ordinary-target-language-large-pair-folders-20260704/by-support/TR__Turkish/TR__ES__Turkish_to_Spanish/youtube_thumbnail.jpg","Vu_vq47T_GQ","https://www.youtube.com/watch?v=Vu_vq47T_GQ","@lunacardsturkce","İspanyolca A1","Mutfak gereçleri","Kaplar ve gereçler. Temel seviye."
"TR","ES-419","TR__Turkish","TR__ES-419__Turkish_to_Spanish-Latin-America","/Users/lali/Documents/LUNA2/outputs/design-prototypes/youtube-thumbnail-home_kitchen_cookware_pilot_01-ordinary-target-language-large-pair-folders-20260704/by-support/TR__Turkish/TR__ES-419__Turkish_to_Spanish-Latin-America/youtube_thumbnail.jpg","Se0erL0teqw","https://www.youtube.com/watch?v=Se0erL0teqw","@lunacardsturkce","İspanyolca (Latin Amerika) A1","Mutfak gereçleri","Kaplar ve gereçler. Temel seviye."
"TR","ES,FR,IT,PT","TR__Turkish","TR__ES,FR,IT,PT__Turkish_to_ES-FR-IT-PT","/Users/lali/Documents/LUNA2/outputs/design-prototypes/youtube-thumbnail-home_kitchen_cookware_pilot_01-ordinary-target-language-large-pair-folders-20260704/by-support/TR__Turkish/TR__ES,FR,IT,PT__Turkish_to_ES-FR-IT-PT/youtube_thumbnail.jpg","wl5VqwTCgZ8","https://www.youtube.com/watch?v=wl5VqwTCgZ8","","ES,FR,IT,PT A1","Mutfak gereçleri","Kaplar ve gereçler. Temel seviye."
"TR","ET","TR__Turkish","TR__ET__Turkish_to_Estonian","/Users/lali/Documents/LUNA2/outputs/design-prototypes/youtube-thumbnail-home_kitchen_cookware_pilot_01-ordinary-target-language-large-pair-folders-20260704/by-support/TR__Turkish/TR__ET__Turkish_to_Estonian/youtube_thumbnail.jpg","CBJJmkQJRas","https://www.youtube.com/watch?v=CBJJmkQJRas","@lunacardsturkce","Estonca A1","Mutfak gereçleri","Kaplar ve gereçler. Temel seviye."
"TR","FI","TR__Turkish","TR__FI__Turkish_to_Finnish","/Users/lali/Documents/LUNA2/outputs/design-prototypes/youtube-thumbnail-home_kitchen_cookware_pilot_01-ordinary-target-language-large-pair-folders-20260704/by-support/TR__Turkish/TR__FI__Turkish_to_Finnish/youtube_thumbnail.jpg","L5ZOZSciLE4","https://www.youtube.com/watch?v=L5ZOZSciLE4","@lunacardsturkce","Fince A1","Mutfak gereçleri","Kaplar ve gereçler. Temel seviye."
"TR","FR","TR__Turkish","TR__FR__Turkish_to_French","/Users/lali/Documents/LUNA2/outputs/design-prototypes/youtube-thumbnail-home_kitchen_cookware_pilot_01-ordinary-target-language-large-pair-folders-20260704/by-support/TR__Turkish/TR__FR__Turkish_to_French/youtube_thumbnail.jpg","EJp5_vfbDMk","https://www.youtube.com/watch?v=EJp5_vfbDMk","@lunacardsturkce","Fransızca A1","Mutfak gereçleri","Kaplar ve gereçler. Temel seviye."
"TR","HI","TR__Turkish","TR__HI__Turkish_to_Hindi","/Users/lali/Documents/LUNA2/outputs/design-prototypes/youtube-thumbnail-home_kitchen_cookware_pilot_01-ordinary-target-language-large-pair-folders-20260704/by-support/TR__Turkish/TR__HI__Turkish_to_Hindi/youtube_thumbnail.jpg","DbOZWzOmM2o","https://www.youtube.com/watch?v=DbOZWzOmM2o","@lunacardsturkce","Hintçe A1","Mutfak gereçleri","Kaplar ve gereçler. Temel seviye."
"TR","HR","TR__Turkish","TR__HR__Turkish_to_Croatian","/Users/lali/Documents/LUNA2/outputs/design-prototypes/youtube-thumbnail-home_kitchen_cookware_pilot_01-ordinary-target-language-large-pair-folders-20260704/by-support/TR__Turkish/TR__HR__Turkish_to_Croatian/youtube_thumbnail.jpg","F4rCmptoRfg","https://www.youtube.com/watch?v=F4rCmptoRfg","@lunacardsturkce","Hırvatça A1","Mutfak gereçleri","Kaplar ve gereçler. Temel seviye."
"TR","HU","TR__Turkish","TR__HU__Turkish_to_Hungarian","/Users/lali/Documents/LUNA2/outputs/design-prototypes/youtube-thumbnail-home_kitchen_cookware_pilot_01-ordinary-target-language-large-pair-folders-20260704/by-support/TR__Turkish/TR__HU__Turkish_to_Hungarian/youtube_thumbnail.jpg","LRhTmVdtnds","https://www.youtube.com/watch?v=LRhTmVdtnds","@lunacardsturkce","Macarca A1","Mutfak gereçleri","Kaplar ve gereçler. Temel seviye."
"TR","HY","TR__Turkish","TR__HY__Turkish_to_Armenian","/Users/lali/Documents/LUNA2/outputs/design-prototypes/youtube-thumbnail-home_kitchen_cookware_pilot_01-ordinary-target-language-large-pair-folders-20260704/by-support/TR__Turkish/TR__HY__Turkish_to_Armenian/youtube_thumbnail.jpg","xdJM8OOacUs","https://www.youtube.com/watch?v=xdJM8OOacUs","","Ermenice A1","Mutfak gereçleri","Kaplar ve gereçler. Temel seviye."
"TR","ID","TR__Turkish","TR__ID__Turkish_to_Indonesian","/Users/lali/Documents/LUNA2/outputs/design-prototypes/youtube-thumbnail-home_kitchen_cookware_pilot_01-ordinary-target-language-large-pair-folders-20260704/by-support/TR__Turkish/TR__ID__Turkish_to_Indonesian/youtube_thumbnail.jpg","4LyjBh_qC4s","https://www.youtube.com/watch?v=4LyjBh_qC4s","@lunacardsturkce","Endonezce A1","Mutfak gereçleri","Kaplar ve gereçler. Temel seviye."
"TR","IS","TR__Turkish","TR__IS__Turkish_to_Icelandic","/Users/lali/Documents/LUNA2/outputs/design-prototypes/youtube-thumbnail-home_kitchen_cookware_pilot_01-ordinary-target-language-large-pair-folders-20260704/by-support/TR__Turkish/TR__IS__Turkish_to_Icelandic/youtube_thumbnail.jpg","8hIbN9RD_wA","https://www.youtube.com/watch?v=8hIbN9RD_wA","@lunacardsturkce","İzlandaca A1","Mutfak gereçleri","Kaplar ve gereçler. Temel seviye."
"TR","IT","TR__Turkish","TR__IT__Turkish_to_Italian","/Users/lali/Documents/LUNA2/outputs/design-prototypes/youtube-thumbnail-home_kitchen_cookware_pilot_01-ordinary-target-language-large-pair-folders-20260704/by-support/TR__Turkish/TR__IT__Turkish_to_Italian/youtube_thumbnail.jpg","YJ2f14yy7Os","https://www.youtube.com/watch?v=YJ2f14yy7Os","@lunacardsturkce","İtalyanca A1","Mutfak gereçleri","Kaplar ve gereçler. Temel seviye."
"TR","JA","TR__Turkish","TR__JA__Turkish_to_Japanese","/Users/lali/Documents/LUNA2/outputs/design-prototypes/youtube-thumbnail-home_kitchen_cookware_pilot_01-ordinary-target-language-large-pair-folders-20260704/by-support/TR__Turkish/TR__JA__Turkish_to_Japanese/youtube_thumbnail.jpg","s2KkswnZRMA","https://www.youtube.com/watch?v=s2KkswnZRMA","@lunacardsturkce","Japonca A1","Mutfak gereçleri","Kaplar ve gereçler. Temel seviye."
"TR","KA","TR__Turkish","TR__KA__Turkish_to_Georgian","/Users/lali/Documents/LUNA2/outputs/design-prototypes/youtube-thumbnail-home_kitchen_cookware_pilot_01-ordinary-target-language-large-pair-folders-20260704/by-support/TR__Turkish/TR__KA__Turkish_to_Georgian/youtube_thumbnail.jpg","aWxiUxYw0ig","https://www.youtube.com/watch?v=aWxiUxYw0ig","@lunacardsturkce","Gürcüce A1","Mutfak gereçleri","Kaplar ve gereçler. Temel seviye."
"TR","KK","TR__Turkish","TR__KK__Turkish_to_Kazakh","/Users/lali/Documents/LUNA2/outputs/design-prototypes/youtube-thumbnail-home_kitchen_cookware_pilot_01-ordinary-target-language-large-pair-folders-20260704/by-support/TR__Turkish/TR__KK__Turkish_to_Kazakh/youtube_thumbnail.jpg","eiGxRAoJCtM","https://www.youtube.com/watch?v=eiGxRAoJCtM","","Kazakça A1","Mutfak gereçleri","Kaplar ve gereçler. Temel seviye."
"TR","KM","TR__Turkish","TR__KM__Turkish_to_Khmer","/Users/lali/Documents/LUNA2/outputs/design-prototypes/youtube-thumbnail-home_kitchen_cookware_pilot_01-ordinary-target-language-large-pair-folders-20260704/by-support/TR__Turkish/TR__KM__Turkish_to_Khmer/youtube_thumbnail.jpg","tV6pXXRNy8A","https://www.youtube.com/watch?v=tV6pXXRNy8A","","Khmer dili A1","Mutfak gereçleri","Kaplar ve gereçler. Temel seviye."
"TR","KN","TR__Turkish","TR__KN__Turkish_to_Kannada","/Users/lali/Documents/LUNA2/outputs/design-prototypes/youtube-thumbnail-home_kitchen_cookware_pilot_01-ordinary-target-language-large-pair-folders-20260704/by-support/TR__Turkish/TR__KN__Turkish_to_Kannada/youtube_thumbnail.jpg","Ih50vkMQIqw","https://www.youtube.com/watch?v=Ih50vkMQIqw","","Kannada dili A1","Mutfak gereçleri","Kaplar ve gereçler. Temel seviye."
"TR","KO","TR__Turkish","TR__KO__Turkish_to_Korean","/Users/lali/Documents/LUNA2/outputs/design-prototypes/youtube-thumbnail-home_kitchen_cookware_pilot_01-ordinary-target-language-large-pair-folders-20260704/by-support/TR__Turkish/TR__KO__Turkish_to_Korean/youtube_thumbnail.jpg","YOlXMxeqPxA","https://www.youtube.com/watch?v=YOlXMxeqPxA","","Korece A1","Mutfak gereçleri","Kaplar ve gereçler. Temel seviye."
"TR","LO","TR__Turkish","TR__LO__Turkish_to_Lao","/Users/lali/Documents/LUNA2/outputs/design-prototypes/youtube-thumbnail-home_kitchen_cookware_pilot_01-ordinary-target-language-large-pair-folders-20260704/by-support/TR__Turkish/TR__LO__Turkish_to_Lao/youtube_thumbnail.jpg","AhdwhXm5e9o","https://www.youtube.com/watch?v=AhdwhXm5e9o","","Lao dili A1","Mutfak gereçleri","Kaplar ve gereçler. Temel seviye."
"TR","LT","TR__Turkish","TR__LT__Turkish_to_Lithuanian","/Users/lali/Documents/LUNA2/outputs/design-prototypes/youtube-thumbnail-home_kitchen_cookware_pilot_01-ordinary-target-language-large-pair-folders-20260704/by-support/TR__Turkish/TR__LT__Turkish_to_Lithuanian/youtube_thumbnail.jpg","w59hXroNXrQ","https://www.youtube.com/watch?v=w59hXroNXrQ","@lunacardsturkce","Litvanca A1","Mutfak gereçleri","Kaplar ve gereçler. Temel seviye."
"TR","LV","TR__Turkish","TR__LV__Turkish_to_Latvian","/Users/lali/Documents/LUNA2/outputs/design-prototypes/youtube-thumbnail-home_kitchen_cookware_pilot_01-ordinary-target-language-large-pair-folders-20260704/by-support/TR__Turkish/TR__LV__Turkish_to_Latvian/youtube_thumbnail.jpg","qP77EwusRwA","https://www.youtube.com/watch?v=qP77EwusRwA","@lunacardsturkce","Letonca A1","Mutfak gereçleri","Kaplar ve gereçler. Temel seviye."
"TR","ML","TR__Turkish","TR__ML__Turkish_to_Malayalam","/Users/lali/Documents/LUNA2/outputs/design-prototypes/youtube-thumbnail-home_kitchen_cookware_pilot_01-ordinary-target-language-large-pair-folders-20260704/by-support/TR__Turkish/TR__ML__Turkish_to_Malayalam/youtube_thumbnail.jpg","tdnqn3YCA7E","https://www.youtube.com/watch?v=tdnqn3YCA7E","@lunacardsturkce","Malayalam dili A1","Mutfak gereçleri","Kaplar ve gereçler. Temel seviye."
"TR","MS","TR__Turkish","TR__MS__Turkish_to_Malay","/Users/lali/Documents/LUNA2/outputs/design-prototypes/youtube-thumbnail-home_kitchen_cookware_pilot_01-ordinary-target-language-large-pair-folders-20260704/by-support/TR__Turkish/TR__MS__Turkish_to_Malay/youtube_thumbnail.jpg","l2b9-W34d3o","https://www.youtube.com/watch?v=l2b9-W34d3o","@lunacardsturkce","Malayca A1","Mutfak gereçleri","Kaplar ve gereçler. Temel seviye."
"TR","MY","TR__Turkish","TR__MY__Turkish_to_Burmese","/Users/lali/Documents/LUNA2/outputs/design-prototypes/youtube-thumbnail-home_kitchen_cookware_pilot_01-ordinary-target-language-large-pair-folders-20260704/by-support/TR__Turkish/TR__MY__Turkish_to_Burmese/youtube_thumbnail.jpg","AGAf6Eh5Mz8","https://www.youtube.com/watch?v=AGAf6Eh5Mz8","@lunacardsturkce","Birman dili A1","Mutfak gereçleri","Kaplar ve gereçler. Temel seviye."
"TR","NB","TR__Turkish","TR__NB__Turkish_to_Norwegian-Bokmal","/Users/lali/Documents/LUNA2/outputs/design-prototypes/youtube-thumbnail-home_kitchen_cookware_pilot_01-ordinary-target-language-large-pair-folders-20260704/by-support/TR__Turkish/TR__NB__Turkish_to_Norwegian-Bokmal/youtube_thumbnail.jpg","mIAaeL1kBXM","https://www.youtube.com/watch?v=mIAaeL1kBXM","@lunacardsturkce","Norveççe Bokmål A1","Mutfak gereçleri","Kaplar ve gereçler. Temel seviye."
"TR","NE","TR__Turkish","TR__NE__Turkish_to_Nepali","/Users/lali/Documents/LUNA2/outputs/design-prototypes/youtube-thumbnail-home_kitchen_cookware_pilot_01-ordinary-target-language-large-pair-folders-20260704/by-support/TR__Turkish/TR__NE__Turkish_to_Nepali/youtube_thumbnail.jpg","VXAVY7ZNs4k","https://www.youtube.com/watch?v=VXAVY7ZNs4k","@lunacardsturkce","Nepalce A1","Mutfak gereçleri","Kaplar ve gereçler. Temel seviye."
"TR","NL","TR__Turkish","TR__NL__Turkish_to_Dutch","/Users/lali/Documents/LUNA2/outputs/design-prototypes/youtube-thumbnail-home_kitchen_cookware_pilot_01-ordinary-target-language-large-pair-folders-20260704/by-support/TR__Turkish/TR__NL__Turkish_to_Dutch/youtube_thumbnail.jpg","dPNzSmq1gb8","https://www.youtube.com/watch?v=dPNzSmq1gb8","@lunacardsturkce","Felemenkçe A1","Mutfak gereçleri","Kaplar ve gereçler. Temel seviye."
"TR","NO","TR__Turkish","TR__NO__Turkish_to_Norwegian-Bokmal","/Users/lali/Documents/LUNA2/outputs/design-prototypes/youtube-thumbnail-home_kitchen_cookware_pilot_01-ordinary-target-language-large-pair-folders-20260704/by-support/TR__Turkish/TR__NO__Turkish_to_Norwegian-Bokmal/youtube_thumbnail.jpg","mIAaeL1kBXM","https://www.youtube.com/watch?v=mIAaeL1kBXM","","Norveççe Bokmål A1","Mutfak gereçleri","Kaplar ve gereçler. Temel seviye."
"TR","PL","TR__Turkish","TR__PL__Turkish_to_Polish","/Users/lali/Documents/LUNA2/outputs/design-prototypes/youtube-thumbnail-home_kitchen_cookware_pilot_01-ordinary-target-language-large-pair-folders-20260704/by-support/TR__Turkish/TR__PL__Turkish_to_Polish/youtube_thumbnail.jpg","CCjUhDirqw4","https://www.youtube.com/watch?v=CCjUhDirqw4","@lunacardsturkce","Lehçe A1","Mutfak gereçleri","Kaplar ve gereçler. Temel seviye."
"TR","PT","TR__Turkish","TR__PT__Turkish_to_Portuguese","/Users/lali/Documents/LUNA2/outputs/design-prototypes/youtube-thumbnail-home_kitchen_cookware_pilot_01-ordinary-target-language-large-pair-folders-20260704/by-support/TR__Turkish/TR__PT__Turkish_to_Portuguese/youtube_thumbnail.jpg","5emJi_lfb1Q","https://www.youtube.com/watch?v=5emJi_lfb1Q","@lunacardsturkce","Portekizce A1","Mutfak gereçleri","Kaplar ve gereçler. Temel seviye."
"TR","PT-BR","TR__Turkish","TR__PT-BR__Turkish_to_Portuguese-Brazil","/Users/lali/Documents/LUNA2/outputs/design-prototypes/youtube-thumbnail-home_kitchen_cookware_pilot_01-ordinary-target-language-large-pair-folders-20260704/by-support/TR__Turkish/TR__PT-BR__Turkish_to_Portuguese-Brazil/youtube_thumbnail.jpg","hQ2SKOjuSww","https://www.youtube.com/watch?v=hQ2SKOjuSww","@lunacardsturkce","Portekizce (Brezilya) A1","Mutfak gereçleri","Kaplar ve gereçler. Temel seviye."
"TR","RO","TR__Turkish","TR__RO__Turkish_to_Romanian","/Users/lali/Documents/LUNA2/outputs/design-prototypes/youtube-thumbnail-home_kitchen_cookware_pilot_01-ordinary-target-language-large-pair-folders-20260704/by-support/TR__Turkish/TR__RO__Turkish_to_Romanian/youtube_thumbnail.jpg","pG2jmscL5lc","https://www.youtube.com/watch?v=pG2jmscL5lc","","Rumence A1","Mutfak gereçleri","Kaplar ve gereçler. Temel seviye."
"TR","RU","TR__Turkish","TR__RU__Turkish_to_Russian","/Users/lali/Documents/LUNA2/outputs/design-prototypes/youtube-thumbnail-home_kitchen_cookware_pilot_01-ordinary-target-language-large-pair-folders-20260704/by-support/TR__Turkish/TR__RU__Turkish_to_Russian/youtube_thumbnail.jpg","TfuqGBqorIM","https://www.youtube.com/watch?v=TfuqGBqorIM","@lunacardsturkce","Rusça A1","Mutfak gereçleri","Kaplar ve gereçler. Temel seviye."
"TR","RU,PL,CS,SK","TR__Turkish","TR__RU,PL,CS,SK__Turkish_to_RU-PL-CS-SK","/Users/lali/Documents/LUNA2/outputs/design-prototypes/youtube-thumbnail-home_kitchen_cookware_pilot_01-ordinary-target-language-large-pair-folders-20260704/by-support/TR__Turkish/TR__RU,PL,CS,SK__Turkish_to_RU-PL-CS-SK/youtube_thumbnail.jpg","Oi8FzQqfn-M","https://www.youtube.com/watch?v=Oi8FzQqfn-M","","RU,PL,CS,SK A1","Mutfak gereçleri","Kaplar ve gereçler. Temel seviye."
"TR","SI","TR__Turkish","TR__SI__Turkish_to_Sinhala","/Users/lali/Documents/LUNA2/outputs/design-prototypes/youtube-thumbnail-home_kitchen_cookware_pilot_01-ordinary-target-language-large-pair-folders-20260704/by-support/TR__Turkish/TR__SI__Turkish_to_Sinhala/youtube_thumbnail.jpg","NDszESzouUA","https://www.youtube.com/watch?v=NDszESzouUA","","Sinhali dili A1","Mutfak gereçleri","Kaplar ve gereçler. Temel seviye."
"TR","SK","TR__Turkish","TR__SK__Turkish_to_Slovak","/Users/lali/Documents/LUNA2/outputs/design-prototypes/youtube-thumbnail-home_kitchen_cookware_pilot_01-ordinary-target-language-large-pair-folders-20260704/by-support/TR__Turkish/TR__SK__Turkish_to_Slovak/youtube_thumbnail.jpg","W-FblvkQzkw","https://www.youtube.com/watch?v=W-FblvkQzkw","","Slovakça A1","Mutfak gereçleri","Kaplar ve gereçler. Temel seviye."
"TR","SL","TR__Turkish","TR__SL__Turkish_to_Slovenian","/Users/lali/Documents/LUNA2/outputs/design-prototypes/youtube-thumbnail-home_kitchen_cookware_pilot_01-ordinary-target-language-large-pair-folders-20260704/by-support/TR__Turkish/TR__SL__Turkish_to_Slovenian/youtube_thumbnail.jpg","5BFFGHbACPI","https://www.youtube.com/watch?v=5BFFGHbACPI","","Slovence A1","Mutfak gereçleri","Kaplar ve gereçler. Temel seviye."
"TR","SR","TR__Turkish","TR__SR__Turkish_to_Serbian-Latin","/Users/lali/Documents/LUNA2/outputs/design-prototypes/youtube-thumbnail-home_kitchen_cookware_pilot_01-ordinary-target-language-large-pair-folders-20260704/by-support/TR__Turkish/TR__SR__Turkish_to_Serbian-Latin/youtube_thumbnail.jpg","FQP_404K-Rk","https://www.youtube.com/watch?v=FQP_404K-Rk","","Sırpça (Latin) A1","Mutfak gereçleri","Kaplar ve gereçler. Temel seviye."
"TR","ZH,JA,KO","TR__Turkish","TR__ZH,JA,KO__Turkish_to_ZH-JA-KO","/Users/lali/Documents/LUNA2/outputs/design-prototypes/youtube-thumbnail-home_kitchen_cookware_pilot_01-ordinary-target-language-large-pair-folders-20260704/by-support/TR__Turkish/TR__ZH,JA,KO__Turkish_to_ZH-JA-KO/youtube_thumbnail.jpg","72l49J5vn3U","https://www.youtube.com/watch?v=72l49J5vn3U","","ZH,JA,KO A1","Mutfak gereçleri","Kaplar ve gereçler. Temel seviye."
"VI","AZ","VI__Vietnamese","VI__AZ__Vietnamese_to_Azerbaijani","/Users/lali/Documents/LUNA2/outputs/design-prototypes/youtube-thumbnail-home_kitchen_cookware_pilot_01-ordinary-target-language-large-pair-folders-20260704/by-support/VI__Vietnamese/VI__AZ__Vietnamese_to_Azerbaijani/youtube_thumbnail.jpg","zztb8hYK7vY","https://www.youtube.com/watch?v=zztb8hYK7vY","@lunacardstiengviet","Tiếng Azerbaijan A1","Đồ dùng bếp cơ bản","Bát đĩa và dụng cụ. Trình độ cơ bản."
"VI","BG","VI__Vietnamese","VI__BG__Vietnamese_to_Bulgarian","/Users/lali/Documents/LUNA2/outputs/design-prototypes/youtube-thumbnail-home_kitchen_cookware_pilot_01-ordinary-target-language-large-pair-folders-20260704/by-support/VI__Vietnamese/VI__BG__Vietnamese_to_Bulgarian/youtube_thumbnail.jpg","s3D8klBOvt4","https://www.youtube.com/watch?v=s3D8klBOvt4","@lunacardstiengviet","Tiếng Bulgaria A1","Đồ dùng bếp cơ bản","Bát đĩa và dụng cụ. Trình độ cơ bản."
"VI","BN","VI__Vietnamese","VI__BN__Vietnamese_to_Bangla","/Users/lali/Documents/LUNA2/outputs/design-prototypes/youtube-thumbnail-home_kitchen_cookware_pilot_01-ordinary-target-language-large-pair-folders-20260704/by-support/VI__Vietnamese/VI__BN__Vietnamese_to_Bangla/youtube_thumbnail.jpg","QCtQoAxa7zc","https://www.youtube.com/watch?v=QCtQoAxa7zc","@lunacardstiengviet","Tiếng Bangla A1","Đồ dùng bếp cơ bản","Bát đĩa và dụng cụ. Trình độ cơ bản."
"VI","CS","VI__Vietnamese","VI__CS__Vietnamese_to_Czech","/Users/lali/Documents/LUNA2/outputs/design-prototypes/youtube-thumbnail-home_kitchen_cookware_pilot_01-ordinary-target-language-large-pair-folders-20260704/by-support/VI__Vietnamese/VI__CS__Vietnamese_to_Czech/youtube_thumbnail.jpg","H_mb8z47JFM","https://www.youtube.com/watch?v=H_mb8z47JFM","@lunacardstiengviet","Tiếng Séc A1","Đồ dùng bếp cơ bản","Bát đĩa và dụng cụ. Trình độ cơ bản."
"VI","DA","VI__Vietnamese","VI__DA__Vietnamese_to_Danish","/Users/lali/Documents/LUNA2/outputs/design-prototypes/youtube-thumbnail-home_kitchen_cookware_pilot_01-ordinary-target-language-large-pair-folders-20260704/by-support/VI__Vietnamese/VI__DA__Vietnamese_to_Danish/youtube_thumbnail.jpg","I9gfjt4iRoM","https://www.youtube.com/watch?v=I9gfjt4iRoM","@lunacardstiengviet","Tiếng Đan Mạch A1","Đồ dùng bếp cơ bản","Bát đĩa và dụng cụ. Trình độ cơ bản."
"VI","DE","VI__Vietnamese","VI__DE__Vietnamese_to_German","/Users/lali/Documents/LUNA2/outputs/design-prototypes/youtube-thumbnail-home_kitchen_cookware_pilot_01-ordinary-target-language-large-pair-folders-20260704/by-support/VI__Vietnamese/VI__DE__Vietnamese_to_German/youtube_thumbnail.jpg","EJ9xHCBwkJc","https://www.youtube.com/watch?v=EJ9xHCBwkJc","@lunacardstiengviet","Tiếng Đức A1","Đồ dùng bếp cơ bản","Bát đĩa và dụng cụ. Trình độ cơ bản."
"VI","EN","VI__Vietnamese","VI__EN__Vietnamese_to_English","/Users/lali/Documents/LUNA2/outputs/design-prototypes/youtube-thumbnail-home_kitchen_cookware_pilot_01-ordinary-target-language-large-pair-folders-20260704/by-support/VI__Vietnamese/VI__EN__Vietnamese_to_English/youtube_thumbnail.jpg","m2OHIwMW6hw","https://www.youtube.com/watch?v=m2OHIwMW6hw","@lunacardstiengviet","Tiếng Anh A1","Đồ dùng bếp cơ bản","Bát đĩa và dụng cụ. Trình độ cơ bản."
"VI","EN,ES,FR,DE","VI__Vietnamese","VI__EN,ES,FR,DE__Vietnamese_to_EN-ES-FR-DE","/Users/lali/Documents/LUNA2/outputs/design-prototypes/youtube-thumbnail-home_kitchen_cookware_pilot_01-ordinary-target-language-large-pair-folders-20260704/by-support/VI__Vietnamese/VI__EN,ES,FR,DE__Vietnamese_to_EN-ES-FR-DE/youtube_thumbnail.jpg","_FuvQtu6aRM","https://www.youtube.com/watch?v=_FuvQtu6aRM","","EN,ES,FR,DE A1","Đồ dùng bếp cơ bản","Bát đĩa và dụng cụ. Trình độ cơ bản."
"VI","ES-419","VI__Vietnamese","VI__ES-419__Vietnamese_to_Spanish-Latin-America","/Users/lali/Documents/LUNA2/outputs/design-prototypes/youtube-thumbnail-home_kitchen_cookware_pilot_01-ordinary-target-language-large-pair-folders-20260704/by-support/VI__Vietnamese/VI__ES-419__Vietnamese_to_Spanish-Latin-America/youtube_thumbnail.jpg","z0f1cJeyvgg","https://www.youtube.com/watch?v=z0f1cJeyvgg","@lunacardstiengviet","Tiếng Tây Ban Nha (Châu Mỹ La-tinh) A1","Đồ dùng bếp cơ bản","Bát đĩa và dụng cụ. Trình độ cơ bản."
"VI","ES,FR,IT,PT","VI__Vietnamese","VI__ES,FR,IT,PT__Vietnamese_to_ES-FR-IT-PT","/Users/lali/Documents/LUNA2/outputs/design-prototypes/youtube-thumbnail-home_kitchen_cookware_pilot_01-ordinary-target-language-large-pair-folders-20260704/by-support/VI__Vietnamese/VI__ES,FR,IT,PT__Vietnamese_to_ES-FR-IT-PT/youtube_thumbnail.jpg","4ccuWeL7ugs","https://www.youtube.com/watch?v=4ccuWeL7ugs","","ES,FR,IT,PT A1","Đồ dùng bếp cơ bản","Bát đĩa và dụng cụ. Trình độ cơ bản."
"VI","ET","VI__Vietnamese","VI__ET__Vietnamese_to_Estonian","/Users/lali/Documents/LUNA2/outputs/design-prototypes/youtube-thumbnail-home_kitchen_cookware_pilot_01-ordinary-target-language-large-pair-folders-20260704/by-support/VI__Vietnamese/VI__ET__Vietnamese_to_Estonian/youtube_thumbnail.jpg","yrqwr4gCovw","https://www.youtube.com/watch?v=yrqwr4gCovw","@lunacardstiengviet","Tiếng Estonia A1","Đồ dùng bếp cơ bản","Bát đĩa và dụng cụ. Trình độ cơ bản."
"VI","FI","VI__Vietnamese","VI__FI__Vietnamese_to_Finnish","/Users/lali/Documents/LUNA2/outputs/design-prototypes/youtube-thumbnail-home_kitchen_cookware_pilot_01-ordinary-target-language-large-pair-folders-20260704/by-support/VI__Vietnamese/VI__FI__Vietnamese_to_Finnish/youtube_thumbnail.jpg","rGNEQ4_iwgY","https://www.youtube.com/watch?v=rGNEQ4_iwgY","@lunacardstiengviet","Tiếng Phần Lan A1","Đồ dùng bếp cơ bản","Bát đĩa và dụng cụ. Trình độ cơ bản."
"VI","FR","VI__Vietnamese","VI__FR__Vietnamese_to_French","/Users/lali/Documents/LUNA2/outputs/design-prototypes/youtube-thumbnail-home_kitchen_cookware_pilot_01-ordinary-target-language-large-pair-folders-20260704/by-support/VI__Vietnamese/VI__FR__Vietnamese_to_French/youtube_thumbnail.jpg","H9K3aT_TmF8","https://www.youtube.com/watch?v=H9K3aT_TmF8","@lunacardstiengviet","Tiếng Pháp A1","Đồ dùng bếp cơ bản","Bát đĩa và dụng cụ. Trình độ cơ bản."
"VI","HI","VI__Vietnamese","VI__HI__Vietnamese_to_Hindi","/Users/lali/Documents/LUNA2/outputs/design-prototypes/youtube-thumbnail-home_kitchen_cookware_pilot_01-ordinary-target-language-large-pair-folders-20260704/by-support/VI__Vietnamese/VI__HI__Vietnamese_to_Hindi/youtube_thumbnail.jpg","XQy2OXrUL70","https://www.youtube.com/watch?v=XQy2OXrUL70","@lunacardstiengviet","Tiếng Hindi A1","Đồ dùng bếp cơ bản","Bát đĩa và dụng cụ. Trình độ cơ bản."
"VI","HR","VI__Vietnamese","VI__HR__Vietnamese_to_Croatian","/Users/lali/Documents/LUNA2/outputs/design-prototypes/youtube-thumbnail-home_kitchen_cookware_pilot_01-ordinary-target-language-large-pair-folders-20260704/by-support/VI__Vietnamese/VI__HR__Vietnamese_to_Croatian/youtube_thumbnail.jpg","P6yN1e6FJdg","https://www.youtube.com/watch?v=P6yN1e6FJdg","@lunacardstiengviet","Tiếng Croatia A1","Đồ dùng bếp cơ bản","Bát đĩa và dụng cụ. Trình độ cơ bản."
"VI","HU","VI__Vietnamese","VI__HU__Vietnamese_to_Hungarian","/Users/lali/Documents/LUNA2/outputs/design-prototypes/youtube-thumbnail-home_kitchen_cookware_pilot_01-ordinary-target-language-large-pair-folders-20260704/by-support/VI__Vietnamese/VI__HU__Vietnamese_to_Hungarian/youtube_thumbnail.jpg","1-Yj8OAmbIk","https://www.youtube.com/watch?v=1-Yj8OAmbIk","@lunacardstiengviet","Tiếng Hungary A1","Đồ dùng bếp cơ bản","Bát đĩa và dụng cụ. Trình độ cơ bản."
"VI","HY","VI__Vietnamese","VI__HY__Vietnamese_to_Armenian","/Users/lali/Documents/LUNA2/outputs/design-prototypes/youtube-thumbnail-home_kitchen_cookware_pilot_01-ordinary-target-language-large-pair-folders-20260704/by-support/VI__Vietnamese/VI__HY__Vietnamese_to_Armenian/youtube_thumbnail.jpg","kLWWs94AT9U","https://www.youtube.com/watch?v=kLWWs94AT9U","@lunacardstiengviet","Tiếng Armenia A1","Đồ dùng bếp cơ bản","Bát đĩa và dụng cụ. Trình độ cơ bản."
"VI","ID","VI__Vietnamese","VI__ID__Vietnamese_to_Indonesian","/Users/lali/Documents/LUNA2/outputs/design-prototypes/youtube-thumbnail-home_kitchen_cookware_pilot_01-ordinary-target-language-large-pair-folders-20260704/by-support/VI__Vietnamese/VI__ID__Vietnamese_to_Indonesian/youtube_thumbnail.jpg","o0sG9aLsfl0","https://www.youtube.com/watch?v=o0sG9aLsfl0","@lunacardstiengviet","Tiếng Indonesia A1","Đồ dùng bếp cơ bản","Bát đĩa và dụng cụ. Trình độ cơ bản."
"VI","IS","VI__Vietnamese","VI__IS__Vietnamese_to_Icelandic","/Users/lali/Documents/LUNA2/outputs/design-prototypes/youtube-thumbnail-home_kitchen_cookware_pilot_01-ordinary-target-language-large-pair-folders-20260704/by-support/VI__Vietnamese/VI__IS__Vietnamese_to_Icelandic/youtube_thumbnail.jpg","RrYD1wFGy7A","https://www.youtube.com/watch?v=RrYD1wFGy7A","@lunacardstiengviet","Tiếng Iceland A1","Đồ dùng bếp cơ bản","Bát đĩa và dụng cụ. Trình độ cơ bản."
"VI","IT","VI__Vietnamese","VI__IT__Vietnamese_to_Italian","/Users/lali/Documents/LUNA2/outputs/design-prototypes/youtube-thumbnail-home_kitchen_cookware_pilot_01-ordinary-target-language-large-pair-folders-20260704/by-support/VI__Vietnamese/VI__IT__Vietnamese_to_Italian/youtube_thumbnail.jpg","UR697BfPkmU","https://www.youtube.com/watch?v=UR697BfPkmU","@lunacardstiengviet","Tiếng Italy A1","Đồ dùng bếp cơ bản","Bát đĩa và dụng cụ. Trình độ cơ bản."
"VI","JA","VI__Vietnamese","VI__JA__Vietnamese_to_Japanese","/Users/lali/Documents/LUNA2/outputs/design-prototypes/youtube-thumbnail-home_kitchen_cookware_pilot_01-ordinary-target-language-large-pair-folders-20260704/by-support/VI__Vietnamese/VI__JA__Vietnamese_to_Japanese/youtube_thumbnail.jpg","NUToEz27h1I","https://www.youtube.com/watch?v=NUToEz27h1I","@lunacardstiengviet","Tiếng Nhật A1","Đồ dùng bếp cơ bản","Bát đĩa và dụng cụ. Trình độ cơ bản."
"VI","KA","VI__Vietnamese","VI__KA__Vietnamese_to_Georgian","/Users/lali/Documents/LUNA2/outputs/design-prototypes/youtube-thumbnail-home_kitchen_cookware_pilot_01-ordinary-target-language-large-pair-folders-20260704/by-support/VI__Vietnamese/VI__KA__Vietnamese_to_Georgian/youtube_thumbnail.jpg","bzUQrSsgKvQ","https://www.youtube.com/watch?v=bzUQrSsgKvQ","@lunacardstiengviet","Tiếng Georgia A1","Đồ dùng bếp cơ bản","Bát đĩa và dụng cụ. Trình độ cơ bản."
"VI","KK","VI__Vietnamese","VI__KK__Vietnamese_to_Kazakh","/Users/lali/Documents/LUNA2/outputs/design-prototypes/youtube-thumbnail-home_kitchen_cookware_pilot_01-ordinary-target-language-large-pair-folders-20260704/by-support/VI__Vietnamese/VI__KK__Vietnamese_to_Kazakh/youtube_thumbnail.jpg","QYzyrXpzgOU","https://www.youtube.com/watch?v=QYzyrXpzgOU","@lunacardstiengviet","Tiếng Kazakh A1","Đồ dùng bếp cơ bản","Bát đĩa và dụng cụ. Trình độ cơ bản."
"VI","KM","VI__Vietnamese","VI__KM__Vietnamese_to_Khmer","/Users/lali/Documents/LUNA2/outputs/design-prototypes/youtube-thumbnail-home_kitchen_cookware_pilot_01-ordinary-target-language-large-pair-folders-20260704/by-support/VI__Vietnamese/VI__KM__Vietnamese_to_Khmer/youtube_thumbnail.jpg","nfksIHKriRc","https://www.youtube.com/watch?v=nfksIHKriRc","@lunacardstiengviet","Tiếng Khmer A1","Đồ dùng bếp cơ bản","Bát đĩa và dụng cụ. Trình độ cơ bản."
"VI","KN","VI__Vietnamese","VI__KN__Vietnamese_to_Kannada","/Users/lali/Documents/LUNA2/outputs/design-prototypes/youtube-thumbnail-home_kitchen_cookware_pilot_01-ordinary-target-language-large-pair-folders-20260704/by-support/VI__Vietnamese/VI__KN__Vietnamese_to_Kannada/youtube_thumbnail.jpg","YIS0cfyVPaI","https://www.youtube.com/watch?v=YIS0cfyVPaI","@lunacardstiengviet","Tiếng Kannada A1","Đồ dùng bếp cơ bản","Bát đĩa và dụng cụ. Trình độ cơ bản."
"VI","KO","VI__Vietnamese","VI__KO__Vietnamese_to_Korean","/Users/lali/Documents/LUNA2/outputs/design-prototypes/youtube-thumbnail-home_kitchen_cookware_pilot_01-ordinary-target-language-large-pair-folders-20260704/by-support/VI__Vietnamese/VI__KO__Vietnamese_to_Korean/youtube_thumbnail.jpg","JnQUIVKN8OI","https://www.youtube.com/watch?v=JnQUIVKN8OI","@lunacardstiengviet","Tiếng Hàn A1","Đồ dùng bếp cơ bản","Bát đĩa và dụng cụ. Trình độ cơ bản."
"VI","LO","VI__Vietnamese","VI__LO__Vietnamese_to_Lao","/Users/lali/Documents/LUNA2/outputs/design-prototypes/youtube-thumbnail-home_kitchen_cookware_pilot_01-ordinary-target-language-large-pair-folders-20260704/by-support/VI__Vietnamese/VI__LO__Vietnamese_to_Lao/youtube_thumbnail.jpg","ZtA-KotnYqE","https://www.youtube.com/watch?v=ZtA-KotnYqE","@lunacardstiengviet","Tiếng Lào A1","Đồ dùng bếp cơ bản","Bát đĩa và dụng cụ. Trình độ cơ bản."
"VI","LT","VI__Vietnamese","VI__LT__Vietnamese_to_Lithuanian","/Users/lali/Documents/LUNA2/outputs/design-prototypes/youtube-thumbnail-home_kitchen_cookware_pilot_01-ordinary-target-language-large-pair-folders-20260704/by-support/VI__Vietnamese/VI__LT__Vietnamese_to_Lithuanian/youtube_thumbnail.jpg","nFoxfjQLIYk","https://www.youtube.com/watch?v=nFoxfjQLIYk","@lunacardstiengviet","Tiếng Litva A1","Đồ dùng bếp cơ bản","Bát đĩa và dụng cụ. Trình độ cơ bản."
"VI","LV","VI__Vietnamese","VI__LV__Vietnamese_to_Latvian","/Users/lali/Documents/LUNA2/outputs/design-prototypes/youtube-thumbnail-home_kitchen_cookware_pilot_01-ordinary-target-language-large-pair-folders-20260704/by-support/VI__Vietnamese/VI__LV__Vietnamese_to_Latvian/youtube_thumbnail.jpg","Iq4nj8Kj44E","https://www.youtube.com/watch?v=Iq4nj8Kj44E","@lunacardstiengviet","Tiếng Latvia A1","Đồ dùng bếp cơ bản","Bát đĩa và dụng cụ. Trình độ cơ bản."
"VI","ML","VI__Vietnamese","VI__ML__Vietnamese_to_Malayalam","/Users/lali/Documents/LUNA2/outputs/design-prototypes/youtube-thumbnail-home_kitchen_cookware_pilot_01-ordinary-target-language-large-pair-folders-20260704/by-support/VI__Vietnamese/VI__ML__Vietnamese_to_Malayalam/youtube_thumbnail.jpg","Sdydym_s1Hs","https://www.youtube.com/watch?v=Sdydym_s1Hs","@lunacardstiengviet","Tiếng Malayalam A1","Đồ dùng bếp cơ bản","Bát đĩa và dụng cụ. Trình độ cơ bản."
"VI","MS","VI__Vietnamese","VI__MS__Vietnamese_to_Malay","/Users/lali/Documents/LUNA2/outputs/design-prototypes/youtube-thumbnail-home_kitchen_cookware_pilot_01-ordinary-target-language-large-pair-folders-20260704/by-support/VI__Vietnamese/VI__MS__Vietnamese_to_Malay/youtube_thumbnail.jpg","iZQB7gTXcQg","https://www.youtube.com/watch?v=iZQB7gTXcQg","@lunacardstiengviet","Tiếng Mã Lai A1","Đồ dùng bếp cơ bản","Bát đĩa và dụng cụ. Trình độ cơ bản."
"VI","MY","VI__Vietnamese","VI__MY__Vietnamese_to_Burmese","/Users/lali/Documents/LUNA2/outputs/design-prototypes/youtube-thumbnail-home_kitchen_cookware_pilot_01-ordinary-target-language-large-pair-folders-20260704/by-support/VI__Vietnamese/VI__MY__Vietnamese_to_Burmese/youtube_thumbnail.jpg","Ub3oq0knMNQ","https://www.youtube.com/watch?v=Ub3oq0knMNQ","@lunacardstiengviet","Tiếng Miến Điện A1","Đồ dùng bếp cơ bản","Bát đĩa và dụng cụ. Trình độ cơ bản."
"VI","NB","VI__Vietnamese","VI__NB__Vietnamese_to_Norwegian-Bokmal","/Users/lali/Documents/LUNA2/outputs/design-prototypes/youtube-thumbnail-home_kitchen_cookware_pilot_01-ordinary-target-language-large-pair-folders-20260704/by-support/VI__Vietnamese/VI__NB__Vietnamese_to_Norwegian-Bokmal/youtube_thumbnail.jpg","C8LiG28HFfc","https://www.youtube.com/watch?v=C8LiG28HFfc","@lunacardstiengviet","Tiếng Na Uy (Bokmål) A1","Đồ dùng bếp cơ bản","Bát đĩa và dụng cụ. Trình độ cơ bản."
"VI","NE","VI__Vietnamese","VI__NE__Vietnamese_to_Nepali","/Users/lali/Documents/LUNA2/outputs/design-prototypes/youtube-thumbnail-home_kitchen_cookware_pilot_01-ordinary-target-language-large-pair-folders-20260704/by-support/VI__Vietnamese/VI__NE__Vietnamese_to_Nepali/youtube_thumbnail.jpg","gqp-zEJyDXY","https://www.youtube.com/watch?v=gqp-zEJyDXY","@lunacardstiengviet","Tiếng Nepal A1","Đồ dùng bếp cơ bản","Bát đĩa và dụng cụ. Trình độ cơ bản."
"VI","NL","VI__Vietnamese","VI__NL__Vietnamese_to_Dutch","/Users/lali/Documents/LUNA2/outputs/design-prototypes/youtube-thumbnail-home_kitchen_cookware_pilot_01-ordinary-target-language-large-pair-folders-20260704/by-support/VI__Vietnamese/VI__NL__Vietnamese_to_Dutch/youtube_thumbnail.jpg","bBS5NiP9dQU","https://www.youtube.com/watch?v=bBS5NiP9dQU","@lunacardstiengviet","Tiếng Hà Lan A1","Đồ dùng bếp cơ bản","Bát đĩa và dụng cụ. Trình độ cơ bản."
"VI","NO","VI__Vietnamese","VI__NO__Vietnamese_to_Norwegian-Bokmal","/Users/lali/Documents/LUNA2/outputs/design-prototypes/youtube-thumbnail-home_kitchen_cookware_pilot_01-ordinary-target-language-large-pair-folders-20260704/by-support/VI__Vietnamese/VI__NO__Vietnamese_to_Norwegian-Bokmal/youtube_thumbnail.jpg","C8LiG28HFfc","https://www.youtube.com/watch?v=C8LiG28HFfc","","Tiếng Na Uy (Bokmål) A1","Đồ dùng bếp cơ bản","Bát đĩa và dụng cụ. Trình độ cơ bản."
"VI","PL","VI__Vietnamese","VI__PL__Vietnamese_to_Polish","/Users/lali/Documents/LUNA2/outputs/design-prototypes/youtube-thumbnail-home_kitchen_cookware_pilot_01-ordinary-target-language-large-pair-folders-20260704/by-support/VI__Vietnamese/VI__PL__Vietnamese_to_Polish/youtube_thumbnail.jpg","nHnhO3RwlE0","https://www.youtube.com/watch?v=nHnhO3RwlE0","@lunacardstiengviet","Tiếng Ba Lan A1","Đồ dùng bếp cơ bản","Bát đĩa và dụng cụ. Trình độ cơ bản."
"VI","PT-BR","VI__Vietnamese","VI__PT-BR__Vietnamese_to_Portuguese-Brazil","/Users/lali/Documents/LUNA2/outputs/design-prototypes/youtube-thumbnail-home_kitchen_cookware_pilot_01-ordinary-target-language-large-pair-folders-20260704/by-support/VI__Vietnamese/VI__PT-BR__Vietnamese_to_Portuguese-Brazil/youtube_thumbnail.jpg","q4KKLcUjqAg","https://www.youtube.com/watch?v=q4KKLcUjqAg","","Tiếng Bồ Đào Nha (Brazil) A1","Đồ dùng bếp cơ bản","Bát đĩa và dụng cụ. Trình độ cơ bản."
"VI","RO","VI__Vietnamese","VI__RO__Vietnamese_to_Romanian","/Users/lali/Documents/LUNA2/outputs/design-prototypes/youtube-thumbnail-home_kitchen_cookware_pilot_01-ordinary-target-language-large-pair-folders-20260704/by-support/VI__Vietnamese/VI__RO__Vietnamese_to_Romanian/youtube_thumbnail.jpg","w30gmf2p55E","https://www.youtube.com/watch?v=w30gmf2p55E","","Tiếng Romania A1","Đồ dùng bếp cơ bản","Bát đĩa và dụng cụ. Trình độ cơ bản."
"VI","RU","VI__Vietnamese","VI__RU__Vietnamese_to_Russian","/Users/lali/Documents/LUNA2/outputs/design-prototypes/youtube-thumbnail-home_kitchen_cookware_pilot_01-ordinary-target-language-large-pair-folders-20260704/by-support/VI__Vietnamese/VI__RU__Vietnamese_to_Russian/youtube_thumbnail.jpg","PqbAnpgE3Gk","https://www.youtube.com/watch?v=PqbAnpgE3Gk","@lunacardstiengviet","Tiếng Nga A1","Đồ dùng bếp cơ bản","Bát đĩa và dụng cụ. Trình độ cơ bản."
"VI","RU,PL,CS,SK","VI__Vietnamese","VI__RU,PL,CS,SK__Vietnamese_to_RU-PL-CS-SK","/Users/lali/Documents/LUNA2/outputs/design-prototypes/youtube-thumbnail-home_kitchen_cookware_pilot_01-ordinary-target-language-large-pair-folders-20260704/by-support/VI__Vietnamese/VI__RU,PL,CS,SK__Vietnamese_to_RU-PL-CS-SK/youtube_thumbnail.jpg","ZdEvUVPj89M","https://www.youtube.com/watch?v=ZdEvUVPj89M","","RU,PL,CS,SK A1","Đồ dùng bếp cơ bản","Bát đĩa và dụng cụ. Trình độ cơ bản."
"VI","SI","VI__Vietnamese","VI__SI__Vietnamese_to_Sinhala","/Users/lali/Documents/LUNA2/outputs/design-prototypes/youtube-thumbnail-home_kitchen_cookware_pilot_01-ordinary-target-language-large-pair-folders-20260704/by-support/VI__Vietnamese/VI__SI__Vietnamese_to_Sinhala/youtube_thumbnail.jpg","mAralIeuPi4","https://www.youtube.com/watch?v=mAralIeuPi4","","Tiếng Sinhala A1","Đồ dùng bếp cơ bản","Bát đĩa và dụng cụ. Trình độ cơ bản."
"VI","SK","VI__Vietnamese","VI__SK__Vietnamese_to_Slovak","/Users/lali/Documents/LUNA2/outputs/design-prototypes/youtube-thumbnail-home_kitchen_cookware_pilot_01-ordinary-target-language-large-pair-folders-20260704/by-support/VI__Vietnamese/VI__SK__Vietnamese_to_Slovak/youtube_thumbnail.jpg","lID26GCnCZM","https://www.youtube.com/watch?v=lID26GCnCZM","","Tiếng Slovak A1","Đồ dùng bếp cơ bản","Bát đĩa và dụng cụ. Trình độ cơ bản."
"VI","SL","VI__Vietnamese","VI__SL__Vietnamese_to_Slovenian","/Users/lali/Documents/LUNA2/outputs/design-prototypes/youtube-thumbnail-home_kitchen_cookware_pilot_01-ordinary-target-language-large-pair-folders-20260704/by-support/VI__Vietnamese/VI__SL__Vietnamese_to_Slovenian/youtube_thumbnail.jpg","eiPjKrajJZw","https://www.youtube.com/watch?v=eiPjKrajJZw","","Tiếng Slovenia A1","Đồ dùng bếp cơ bản","Bát đĩa và dụng cụ. Trình độ cơ bản."
"VI","SR","VI__Vietnamese","VI__SR__Vietnamese_to_Serbian-Latin","/Users/lali/Documents/LUNA2/outputs/design-prototypes/youtube-thumbnail-home_kitchen_cookware_pilot_01-ordinary-target-language-large-pair-folders-20260704/by-support/VI__Vietnamese/VI__SR__Vietnamese_to_Serbian-Latin/youtube_thumbnail.jpg","vWBNFRO_Cmc","https://www.youtube.com/watch?v=vWBNFRO_Cmc","","Tiếng Serbia (Chữ La tinh) A1","Đồ dùng bếp cơ bản","Bát đĩa và dụng cụ. Trình độ cơ bản."
"VI","SV","VI__Vietnamese","VI__SV__Vietnamese_to_Swedish","/Users/lali/Documents/LUNA2/outputs/design-prototypes/youtube-thumbnail-home_kitchen_cookware_pilot_01-ordinary-target-language-large-pair-folders-20260704/by-support/VI__Vietnamese/VI__SV__Vietnamese_to_Swedish/youtube_thumbnail.jpg","AjJFu6lZIho","https://www.youtube.com/watch?v=AjJFu6lZIho","","Tiếng Thụy Điển A1","Đồ dùng bếp cơ bản","Bát đĩa và dụng cụ. Trình độ cơ bản."
"VI","ZH,JA,KO","VI__Vietnamese","VI__ZH,JA,KO__Vietnamese_to_ZH-JA-KO","/Users/lali/Documents/LUNA2/outputs/design-prototypes/youtube-thumbnail-home_kitchen_cookware_pilot_01-ordinary-target-language-large-pair-folders-20260704/by-support/VI__Vietnamese/VI__ZH,JA,KO__Vietnamese_to_ZH-JA-KO/youtube_thumbnail.jpg","OV5CAWpDLFI","https://www.youtube.com/watch?v=OV5CAWpDLFI","","ZH,JA,KO A1","Đồ dùng bếp cơ bản","Bát đĩa và dụng cụ. Trình độ cơ bản."
